activity_date,user_id,inc_amt
2023-03-03,U379,31.73
2023-03-03,U333,32.47
2023-03-03,U399,30.22
2023-11-14,U625,94.3
2024-07-27,U2432,62.39
2024-07-27,U4087,37.27
2024-07-27,U3788,33.86
2024-07-27,U1319,32.72
2024-07-27,U2148,54.36
2024-07-27,U4020,24.41
2024-07-27,U3481,86.82
2024-07-27,U3968,24.34
2024-07-27,U4514,29.35
2024-07-27,U4305,25.31
2023-03-04,U459,46.97
2023-03-04,U154,31.94
2023-11-15,U309,43.74
2023-11-15,U174,36.52
2023-11-15,U394,45.47
2023-11-15,U655,45.83
2023-11-15,U656,31.26
2023-11-15,U461,42.13
2023-11-15,U552,85.21
2024-07-28,U3215,10.89
2024-07-28,U2615,32.56
2024-07-28,U3479,0.24
2024-07-28,U3369,39.35
2024-07-28,U337,31.43
2024-07-28,U4571,19.1
2024-07-28,U4459,3.93
2024-07-28,U4121,78.88
2024-07-28,U3811,0.3
2024-07-28,U798,52.41
2023-03-05,U465,34.66
2023-03-05,U443,96.1
2023-03-05,U384,98.74
2023-03-05,U467,57.88
2023-03-05,U464,47.94
2023-03-05,U344,31.57
2023-03-05,U466,33.53
2023-11-16,U6,36.2
2023-11-16,U590,53.76
2023-11-16,U421,53.8
2023-11-16,U1,86.59
2024-07-29,U4390,50.56
2024-07-29,U2873,109.82
2024-07-29,U903,44.83
2024-07-29,U4448,41.27
2024-07-29,U4572,62.51
2024-07-29,U4569,31.1
2023-03-06,U401,84.21
2023-03-06,U372,50.7
2023-03-06,U406,49.18
2023-03-06,U337,31.57
2023-03-06,U468,31.04
2023-11-17,U595,24.19
2023-11-17,U659,39.96
2023-03-07,U285,55.38
2023-11-18,U467,51.59
2023-11-18,U622,30.8
2023-11-18,U662,30.55
2024-07-31,U2634,45.81
2024-07-31,U4114,90.74
2024-07-31,U4445,32.45
2024-07-31,U4577,32.54
2024-07-31,U4506,35.91
2024-07-31,U2124,73.46
2024-07-31,U1735,0.06
2024-07-31,U394,53.07
2024-07-31,U891,30.69
2024-07-31,U1003,18.15
2024-07-31,U2710,39.64
2023-03-08,U310,73.62
2023-03-08,U472,46.76
2023-03-08,U385,48.88
2023-03-08,U1,72.43
2023-03-08,U329,31.34
2023-11-19,U471,34.44
2024-08-01,U2346,78.33
2024-08-01,U3653,39.35
2024-08-01,U3257,56.9
2024-08-01,U2490,52.3
2024-08-01,U3470,30.54
2024-08-01,U3950,70.31
2024-08-01,U4581,31.93
2024-08-01,U4147,67.88
2024-08-01,U3225,54.61
2024-08-01,U2181,91.42
2024-08-01,U4576,22.62
2024-08-01,U3495,0.02
2024-08-01,U3785,37.52
2024-08-01,U4567,43.23
2023-03-09,U377,31.04
2023-03-09,U348,60.69
2023-03-09,U455,38.48
2023-03-09,U474,32.36
2023-03-09,U452,42.36
2023-03-09,U403,128.24
2023-03-09,U473,31.34
2023-03-09,U391,37.96
2023-03-09,U282,48.16
2023-11-20,U668,36.62
2023-11-20,U584,59.2
2024-08-02,U3403,42.12
2024-08-02,U3334,43.99
2024-08-02,U3788,46.87
2024-08-02,U14,57.75
2024-08-02,U1221,58.56
2024-08-02,U2919,178.16
2024-08-02,U3347,31.28
2023-03-10,U476,88.71
2023-03-10,U362,60.11
2023-03-10,U312,32.97
2023-03-10,U478,46.46
2023-11-21,U489,93.42
2024-08-03,U540,35.63
2024-08-03,U3589,118.29
2024-08-03,U3729,54.78
2024-08-03,U2065,0.04
2024-08-03,U3968,55.71
2024-08-03,U4274,108.14
2023-03-11,U479,54.45
2023-03-11,U245,37.18
2023-11-22,U131,35.3
2023-11-22,U529,82.8
2023-11-22,U655,34.94
2023-11-22,U671,31.38
2024-08-04,U2615,30.09
2024-08-04,U2921,68.55
2024-08-04,U3980,30.03
2024-08-04,U2287,0.07
2023-03-12,U384,90.31
2023-03-12,U480,35.41
2023-11-23,U672,49.67
2023-11-23,U471,31.22
2023-11-23,U664,47.97
2023-11-23,U309,31.33
2023-11-23,U540,54.42
2023-11-23,U673,30.3
2024-08-05,U774,30.81
2023-03-13,U452,46.45
2023-11-24,U612,44.82
2024-08-06,U4357,3.23
2024-08-06,U4584,57.45
2024-08-06,U1390,34.29
2023-11-25,U687,102.01
2023-11-25,U669,44.65
2023-11-25,U682,16.18
2024-08-07,U4586,15.45
2024-08-07,U903,30.94
2023-03-15,U69,32.64
2023-03-15,U363,31.98
2023-03-15,U171,73.91
2023-03-15,U254,60.83
2023-03-15,U481,74.17
2023-11-26,U62,104.87
2023-11-26,U691,10.87
2023-11-26,U696,12.96
2023-11-26,U688,19.59
2024-08-08,U4445,39.87
2024-08-08,U4417,44.34
2024-08-08,U4137,37.87
2024-08-08,U3754,1.56
2023-03-16,U304,43.3
2023-03-16,U50,31.32
2023-03-16,U337,41.44
2023-03-16,U403,99.43
2023-03-16,U344,30.33
2024-08-09,U3582,50.67
2024-08-09,U3788,51.92
2024-08-09,U1221,58.76
2024-08-09,U3653,44.87
2024-08-09,U1319,30.76
2024-08-09,U788,143.64
2024-08-09,U1582,34.37
2024-08-09,U2139,31.89
2023-03-17,U483,31.39
2023-03-17,U397,33.25
2023-03-17,U307,31.3
2023-03-17,U1,122.23
2023-03-17,U282,65.3
2023-03-17,U150,68.77
2023-03-17,U482,52.0
2023-03-17,U176,110.5
2023-03-17,U455,36.68
2023-03-17,U429,45.2
2023-11-28,U1,76.05
2023-11-28,U552,144.69
2024-08-10,U3720,0.05
2024-08-10,U3666,10.17
2024-08-10,U2873,79.98
2024-08-10,U3218,61.48
2024-08-10,U2548,36.12
2024-08-10,U2615,59.86
2023-03-18,U296,64.76
2023-03-18,U154,32.34
2023-03-18,U25,52.44
2023-03-18,U486,26.0
2023-03-18,U372,70.39
2023-03-18,U2,67.83
2023-03-18,U485,30.33
2023-03-18,U439,132.09
2023-03-18,U399,31.42
2023-11-29,U625,68.04
2023-11-29,U489,71.16
2023-11-29,U372,59.61
2023-11-29,U517,69.86
2024-08-11,U3968,32.13
2024-08-11,U4581,38.81
2023-03-19,U475,61.32
2023-11-30,U711,46.8
2023-11-30,U443,53.9
2023-11-30,U717,50.14
2023-11-30,U713,20.38
2023-11-30,U715,46.6
2023-11-30,U439,81.68
2024-08-12,U2246,0.99
2023-12-01,U639,46.56
2024-08-13,U4401,3.85
2024-08-13,U3830,6.14
2023-03-21,U452,31.7
2023-03-21,U488,67.52
2023-12-02,U664,54.41
2023-12-02,U471,49.19
2024-08-14,U2565,4.54
2024-08-14,U4322,51.99
2023-03-22,U329,30.38
2023-03-22,U489,85.85
2023-03-22,U360,60.42
2023-03-22,U51,43.77
2023-12-03,U586,31.03
2023-12-03,U669,30.34
2023-12-03,U705,49.11
2024-08-15,U4359,74.9
2024-08-15,U4584,39.88
2024-08-15,U4586,16.34
2023-03-23,U23,30.55
2023-03-23,U362,69.9
2023-03-23,U417,30.35
2023-03-23,U396,170.12
2024-08-16,U4506,31.1
2024-08-16,U4171,39.8
2024-08-16,U4595,32.54
2024-08-16,U4567,30.9
2024-08-16,U3788,55.92
2024-08-16,U4577,70.8
2023-03-24,U254,84.96
2023-03-24,U455,32.88
2023-03-24,U490,38.87
2023-12-05,U725,82.0
2024-08-17,U2615,30.27
2023-03-26,U245,79.07
2023-03-26,U377,31.81
2023-12-07,U471,50.41
2023-03-28,U493,33.57
2023-12-09,U471,30.3
2023-12-09,U467,36.45
2023-03-29,U280,38.3
2023-03-29,U131,71.82
2023-03-29,U368,67.92
2023-03-29,U435,31.37
2023-12-10,U449,69.57
2023-12-10,U493,52.53
2023-12-10,U540,47.12
2023-12-10,U743,121.79
2023-03-30,U362,39.63
2023-03-30,U282,60.14
2023-03-30,U254,45.08
2023-03-30,U81,84.0
2023-03-30,U66,30.32
2023-03-30,U1,70.04
2023-03-30,U494,96.16
2023-03-30,U329,33.81
2023-03-30,U378,33.31
2023-03-30,U452,50.61
2023-12-11,U528,30.39
2023-03-31,U495,33.81
2023-03-31,U344,38.76
2023-12-12,U489,125.3
2023-12-12,U174,30.8
2023-12-13,U556,31.08
2023-12-13,U461,43.54
2023-12-13,U6,37.07
2023-04-02,U421,70.42
2023-12-14,U754,46.72
2023-12-14,U753,31.68
2023-12-14,U625,126.77
2023-12-14,U578,41.04
2023-12-14,U372,52.1
2023-12-14,U552,82.51
2023-12-14,U755,41.9
2023-12-15,U759,13.38
2023-12-15,U9,36.94
2023-04-04,U372,58.96
2023-12-16,U725,71.95
2023-12-16,U764,30.18
2023-12-16,U765,60.94
2023-12-16,U750,30.33
2023-12-16,U2,76.01
2023-04-05,U443,66.65
2023-04-05,U489,77.09
2023-04-05,U362,48.59
2023-12-17,U540,77.2
2023-12-17,U300,35.79
2023-12-17,U768,42.21
2023-12-17,U16,30.1
2023-04-06,U69,35.43
2023-12-18,U649,56.11
2023-12-18,U622,32.23
2023-04-07,U329,33.81
2023-04-07,U389,69.42
2023-04-07,U455,34.52
2023-04-07,U282,55.64
2023-04-07,U500,56.76
2023-12-19,U309,32.63
2023-04-08,U497,30.8
2023-04-09,U384,69.09
2023-04-09,U449,102.34
2023-04-09,U25,73.41
2023-12-21,U775,20.68
2023-12-21,U174,34.66
2023-04-10,U176,169.15
2023-12-22,U743,114.37
2023-12-22,U590,121.63
2023-12-22,U529,86.82
2023-12-22,U396,166.65
2023-12-23,U783,85.1
2023-12-23,U786,78.96
2023-12-23,U782,273.3
2023-04-12,U493,43.02
2023-04-12,U287,30.14
2023-04-12,U489,66.18
2023-04-12,U12,41.91
2023-12-24,U788,177.73
2023-04-13,U403,235.89
2023-04-13,U377,30.66
2023-04-13,U498,116.44
2023-04-13,U505,31.24
2023-04-13,U296,59.56
2023-04-13,U223,26.27
2023-04-14,U316,39.45
2023-04-14,U131,46.4
2023-04-14,U245,64.4
2023-04-14,U362,36.75
2023-04-14,U429,41.86
2023-12-26,U625,106.17
2023-12-26,U789,17.0
2023-12-26,U788,72.64
2023-04-15,U508,50.85
2023-04-15,U405,38.87
2023-12-27,U607,59.06
2023-04-16,U329,31.24
2023-04-16,U254,62.89
2023-12-28,U796,31.49
2023-12-28,U372,48.39
2023-12-28,U540,54.82
2023-04-17,U509,119.49
2023-04-17,U282,61.18
2023-12-29,U798,61.25
2023-12-29,U801,31.44
2023-12-29,U597,30.81
2023-04-18,U50,37.22
2023-04-18,U511,137.14
2023-12-30,U788,64.65
2023-04-20,U396,59.77
2023-04-20,U36,36.79
2024-01-01,U808,40.97
2023-04-21,U513,78.39
2023-04-21,U362,64.43
2024-01-02,U810,16.71
2023-04-22,U378,38.04
2024-01-03,U131,71.27
2024-01-03,U552,158.72
2024-01-03,U471,70.9
2023-04-23,U515,35.67
2024-01-04,U174,48.27
2024-01-04,U783,92.43
2023-04-24,U174,49.61
2024-01-05,U609,31.78
2024-01-06,U775,47.96
2024-01-06,U528,25.64
2023-04-26,U329,32.99
2023-04-26,U493,37.23
2023-04-26,U1,80.67
2023-04-26,U282,53.98
2023-04-26,U489,75.95
2023-04-26,U309,54.26
2024-01-07,U687,35.36
2024-01-07,U471,33.13
2024-01-07,U489,137.68
2023-04-27,U490,68.31
2023-04-27,U403,142.62
2023-04-27,U513,61.1
2024-01-08,U612,48.3
2024-01-08,U790,79.68
2024-01-08,U587,41.62
2024-01-08,U241,38.21
2023-04-28,U497,31.17
2023-04-28,U296,45.02
2023-04-28,U254,39.02
2023-04-29,U423,122.25
2023-04-29,U514,61.24
2023-04-29,U344,36.46
2024-01-10,U309,25.47
2024-01-10,U845,30.94
2024-01-10,U851,23.54
2024-01-10,U13,35.99
2024-01-10,U372,69.18
2024-01-10,U850,35.61
2024-01-10,U540,40.39
2024-01-10,U529,94.72
2024-01-10,U625,96.56
2024-01-10,U62,25.17
2024-01-10,U848,73.46
2024-01-11,U69,32.1
2024-01-11,U592,126.08
2024-01-11,U553,46.59
2024-01-11,U384,110.1
2024-01-11,U743,216.67
2024-01-11,U858,67.83
2024-01-11,U377,32.56
2024-01-11,U517,46.76
2024-01-11,U378,48.96
2024-01-11,U439,118.15
2023-05-01,U485,84.03
2023-05-01,U421,67.04
2024-01-12,U863,110.37
2024-01-12,U245,85.89
2024-01-12,U864,63.62
2024-01-12,U471,44.82
2024-01-12,U725,98.99
2024-01-12,U796,47.13
2024-01-12,U798,70.2
2024-01-12,U626,30.15
2024-01-12,U768,35.59
2024-01-12,U589,47.78
2024-01-13,U633,38.99
2024-01-13,U176,78.07
2024-01-13,U831,61.61
2024-01-13,U632,26.34
2024-01-13,U873,33.64
2024-01-13,U639,57.7
2024-01-13,U877,243.67
2024-01-14,U312,39.69
2024-01-14,U513,65.72
2024-01-14,U885,15.14
2024-01-14,U891,20.29
2024-01-14,U552,73.06
2024-01-14,U664,67.59
2024-01-14,U883,34.51
2024-01-14,U889,18.43
2024-01-14,U687,50.25
2023-05-04,U396,48.8
2023-05-04,U439,195.72
2023-05-04,U282,62.82
2023-05-04,U517,62.83
2023-05-04,U6,64.17
2023-05-04,U377,31.35
2024-01-15,U900,48.73
2023-05-05,U312,42.64
2023-05-05,U406,30.8
2023-05-05,U466,34.77
2023-05-05,U378,28.67
2023-05-05,U17,32.36
2023-05-05,U467,56.14
2024-01-16,U174,46.17
2024-01-16,U884,20.81
2024-01-16,U910,15.88
2024-01-16,U909,58.17
2023-05-06,U176,72.18
2023-05-06,U1,52.62
2023-05-06,U11,64.04
2023-05-06,U241,61.44
2023-05-06,U223,41.79
2024-01-17,U489,57.17
2024-01-17,U828,37.28
2024-01-17,U662,30.84
2024-01-17,U916,37.48
2024-01-17,U908,35.74
2024-01-17,U790,48.32
2023-05-07,U362,40.22
2024-01-18,U514,45.54
2024-01-18,U887,20.33
2024-01-18,U782,242.17
2024-01-18,U924,45.47
2024-01-18,U612,26.22
2024-01-18,U935,20.82
2024-01-18,U515,26.24
2024-01-18,U933,35.35
2024-01-18,U931,24.43
2024-01-18,U540,64.81
2023-05-08,U513,86.06
2024-01-19,U903,23.36
2024-01-19,U831,88.3
2024-01-19,U620,36.97
2024-01-19,U926,40.42
2024-01-19,U939,30.42
2024-01-19,U943,50.21
2024-01-19,U942,44.44
2023-05-09,U343,41.34
2023-05-09,U174,37.36
2024-01-20,U344,30.01
2024-01-20,U889,50.08
2024-01-20,U471,49.41
2024-01-20,U907,29.17
2024-01-20,U949,35.82
2024-01-20,U877,214.44
2024-01-20,U951,54.48
2024-01-20,U948,0.87
2024-01-20,U587,35.64
2023-05-10,U360,52.68
2023-05-10,U443,52.34
2023-05-10,U489,112.58
2023-05-10,U190,31.38
2023-05-10,U394,133.81
2024-01-21,U754,31.74
2024-01-21,U888,21.64
2024-01-21,U449,102.77
2023-05-11,U403,110.39
2023-05-11,U296,81.75
2023-05-11,U329,33.21
2023-05-11,U304,31.38
2024-01-22,U788,70.22
2023-05-12,U524,38.9
2024-01-23,U372,62.52
2024-01-23,U960,31.11
2024-01-23,U836,70.5
2024-01-23,U765,37.16
2023-05-13,U372,64.74
2023-05-13,U337,41.39
2023-05-13,U525,44.81
2024-01-24,U174,41.62
2024-01-24,U964,1.12
2024-01-24,U455,31.46
2024-01-24,U790,41.31
2024-01-24,U929,23.82
2024-01-24,U69,30.23
2024-01-24,U957,59.25
2024-01-24,U924,45.44
2023-05-14,U514,30.94
2024-01-25,U339,49.13
2024-01-25,U864,64.42
2024-01-25,U471,62.0
2024-01-26,U796,44.09
2024-01-26,U909,79.57
2024-01-26,U903,40.24
2024-01-26,U977,23.66
2024-01-27,U245,46.71
2024-01-27,U540,56.86
2024-01-27,U985,45.62
2023-05-17,U28,30.47
2023-05-17,U526,112.63
2023-05-17,U2,84.27
2023-05-17,U394,52.72
2024-01-28,U926,80.23
2024-01-28,U589,30.11
2023-05-18,U131,65.97
2023-05-18,U511,168.44
2023-05-18,U69,34.08
2024-01-29,U753,32.01
2023-05-19,U528,36.64
2023-05-19,U529,211.82
2024-01-30,U343,38.71
2024-01-30,U552,125.11
2024-01-30,U828,31.84
2023-05-20,U396,110.93
2024-01-31,U662,47.33
2024-01-31,U1010,20.4
2024-01-31,U1009,97.39
2024-01-31,U1,79.92
2024-01-31,U489,63.62
2024-02-01,U900,53.59
2024-02-01,U620,55.48
2024-02-01,U471,57.42
2024-02-01,U587,51.64
2024-02-01,U1018,58.6
2024-02-01,U942,54.45
2024-02-01,U1019,34.28
2024-02-01,U455,36.28
2024-02-01,U309,47.66
2023-05-22,U524,43.75
2024-02-02,U847,66.91
2024-02-02,U1017,43.93
2024-02-02,U1016,0.88
2024-02-02,U937,63.54
2024-02-02,U903,32.16
2024-02-02,U943,36.79
2024-02-02,U760,197.37
2024-02-02,U312,82.88
2024-02-02,U1032,56.86
2024-02-02,U924,80.18
2024-02-02,U790,80.87
2024-02-02,U775,46.39
2024-02-02,U1029,50.4
2023-05-23,U489,96.04
2024-02-03,U1042,58.98
2024-02-03,U528,30.0
2024-02-03,U1024,39.22
2024-02-03,U1039,21.69
2024-02-03,U1041,0.74
2024-02-03,U567,77.07
2023-05-24,U282,40.39
2023-05-24,U513,104.04
2023-05-24,U227,40.0
2023-05-24,U1,49.4
2024-02-04,U2,100.39
2024-02-04,U1037,45.75
2024-02-04,U831,62.06
2023-05-25,U372,46.1
2023-05-25,U414,57.37
2024-02-05,U1003,35.55
2024-02-05,U717,55.36
2024-02-05,U1039,20.23
2023-05-26,U529,38.73
2024-02-06,U1064,9.9
2024-02-06,U1067,39.13
2024-02-06,U1061,111.42
2023-05-27,U377,30.83
2023-05-27,U493,53.75
2024-02-07,U924,53.08
2024-02-07,U1072,35.54
2024-02-07,U1,71.67
2024-02-07,U1075,30.21
2024-02-07,U540,50.44
2024-02-07,U957,30.29
2024-02-07,U514,45.61
2024-02-07,U1070,70.42
2024-02-07,U1052,20.68
2024-02-07,U937,63.73
2024-02-08,U790,35.88
2024-02-08,U343,30.36
2024-02-08,U372,52.11
2024-02-08,U903,30.18
2024-02-08,U471,40.14
2024-02-08,U403,86.12
2024-02-08,U553,61.65
2024-02-08,U743,145.79
2024-02-08,U625,154.1
2023-05-29,U314,30.71
2023-05-29,U528,30.24
2024-02-09,U1103,116.24
2024-02-09,U1097,31.63
2024-02-09,U10,44.14
2024-02-09,U1085,10.09
2024-02-09,U833,23.99
2024-02-09,U23,54.66
2024-02-09,U768,35.56
2024-02-10,U50,43.61
2024-02-10,U1109,38.83
2024-02-10,U1114,16.13
2024-02-10,U423,67.58
2023-05-31,U535,82.32
2023-05-31,U514,28.13
2023-05-31,U471,33.77
2023-05-31,U533,34.6
2023-05-31,U69,57.7
2023-05-31,U2,50.53
2024-02-11,U890,63.94
2024-02-11,U626,28.7
2024-02-11,U471,44.19
2023-06-01,U524,26.42
2023-06-01,U500,41.59
2023-06-01,U403,152.24
2023-06-01,U396,50.82
2024-02-12,U845,31.32
2023-06-02,U484,35.22
2024-02-13,U461,44.53
2024-02-13,U1110,23.62
2023-06-03,U245,41.34
2023-06-03,U517,57.1
2023-06-03,U467,64.36
2023-06-03,U536,96.17
2024-02-14,U1138,36.27
2024-02-14,U309,32.47
2024-02-14,U489,102.29
2024-02-14,U1133,21.14
2024-02-14,U782,265.04
2024-02-14,U1116,47.2
2024-02-14,U136,42.97
2024-02-14,U358,24.57
2023-06-04,U372,73.74
2023-06-04,U296,64.57
2024-02-15,U1144,30.94
2024-02-15,U790,78.08
2024-02-15,U831,59.25
2024-02-15,U926,74.5
2024-02-15,U828,37.06
2024-02-15,U868,43.19
2024-02-15,U589,25.15
2024-02-15,U656,16.88
2023-06-05,U513,60.13
2024-02-16,U1164,34.12
2024-02-16,U620,34.93
2024-02-16,U1166,95.52
2024-02-16,U903,52.28
2024-02-16,U528,33.14
2024-02-16,U552,141.68
2024-02-16,U1163,31.06
2024-02-16,U1162,25.34
2024-02-16,U931,28.16
2024-02-16,U1154,39.06
2024-02-16,U937,66.04
2023-06-06,U540,34.78
2024-02-17,U1085,10.91
2024-02-17,U1169,48.82
2024-02-17,U1171,59.96
2024-02-17,U1141,49.68
2024-02-17,U942,36.73
2024-02-17,U1097,24.05
2024-02-17,U471,44.7
2023-06-07,U23,37.26
2024-02-18,U1174,30.66
2024-02-18,U540,55.34
2024-02-19,U765,38.95
2024-02-19,U1151,20.14
2024-02-19,U372,70.5
2024-02-19,U449,103.82
2023-06-09,U528,37.42
2024-02-20,U775,38.62
2024-02-20,U1010,20.83
2024-02-20,U1009,168.87
2023-06-10,U439,126.91
2023-06-10,U529,191.12
2023-06-10,U475,88.88
2024-02-21,U1179,69.93
2024-02-21,U1067,36.96
2024-02-21,U625,180.63
2024-02-21,U1181,51.82
2024-02-21,U489,91.36
2024-02-21,U471,32.37
2024-02-21,U924,70.33
2023-06-11,U547,31.52
2023-06-11,U372,46.54
2023-06-11,U548,50.79
2024-02-22,U662,30.74
2024-02-22,U1030,20.56
2024-02-22,U743,137.11
2024-02-22,U377,25.8
2023-06-12,U545,36.92
2024-02-23,U1158,34.58
2024-02-23,U790,32.51
2024-02-23,U1191,20.11
2024-02-23,U567,77.08
2024-02-23,U1110,27.61
2024-02-23,U760,186.34
2024-02-23,U1190,35.82
2024-02-24,U1024,30.05
2024-02-24,U1195,0.03
2024-02-24,U1018,44.59
2024-02-24,U903,35.65
2024-02-24,U1207,23.68
2024-02-24,U626,0.04
2024-02-24,U877,243.23
2024-02-24,U1201,1.44
2024-02-24,U1211,62.51
2023-06-14,U540,37.69
2024-02-25,U1221,26.3
2024-02-25,U796,40.71
2024-02-25,U1216,40.74
2024-02-25,U957,80.7
2024-02-25,U471,34.93
2023-06-15,U396,80.9
2024-02-26,U1225,21.37
2024-02-26,U626,0.1
2024-02-26,U1195,0.04
2023-06-16,U547,31.59
2023-06-16,U1,92.33
2023-06-16,U344,38.81
2023-06-16,U377,35.26
2024-02-27,U1138,44.41
2024-02-27,U1164,32.42
2024-02-27,U1235,38.84
2024-02-28,U768,32.96
2024-02-28,U1247,31.96
2024-02-28,U1249,22.16
2023-06-18,U550,32.15
2024-02-29,U937,42.84
2024-02-29,U309,58.33
2024-02-29,U626,30.92
2023-06-19,U552,70.65
2024-03-01,U372,81.75
2024-03-01,U1266,57.73
2024-03-01,U828,53.63
2024-03-01,U798,52.3
2024-03-01,U1221,42.97
2024-03-01,U1,98.82
2024-03-01,U903,31.42
2024-03-01,U152,54.6
2024-03-01,U540,58.74
2024-03-01,U612,107.05
2024-03-02,U471,38.19
2024-03-02,U1271,1.76
2024-03-02,U1272,0.6
2024-03-02,U836,57.07
2024-03-02,U864,38.11
2024-03-02,U924,56.02
2024-03-02,U1276,22.86
2023-06-21,U493,50.16
2024-03-03,U1287,21.55
2024-03-03,U552,95.35
2024-03-03,U1119,20.04
2024-03-03,U1280,54.81
2024-03-03,U1097,38.4
2024-03-03,U1262,-5.11
2023-06-22,U540,49.25
2023-06-22,U314,37.79
2024-03-04,U1262,101.3
2024-03-04,U1119,20.04
2024-03-04,U887,21.43
2023-06-23,U553,57.35
2023-06-23,U372,32.09
2024-03-05,U1309,21.36
2023-06-24,U421,68.6
2024-03-06,U1326,30.98
2024-03-06,U1317,20.31
2024-03-06,U1324,47.37
2024-03-06,U1329,20.41
2024-03-06,U1318,32.79
2024-03-06,U489,80.63
2024-03-06,U245,83.12
2024-03-06,U831,56.93
2024-03-06,U949,84.86
2024-03-06,U1194,85.76
2024-03-06,U1103,139.75
2024-03-06,U1315,0.36
2024-03-06,U1320,195.92
2023-06-25,U554,51.05
2024-03-07,U471,32.14
2024-03-07,U790,53.09
2024-03-07,U1248,30.77
2024-03-07,U926,46.33
2024-03-07,U1330,69.6
2024-03-07,U1109,60.17
2024-03-07,U358,24.16
2024-03-07,U467,77.07
2024-03-07,U1262,-18.0
2024-03-07,U1337,44.8
2024-03-08,U553,97.86
2024-03-08,U1158,55.91
2024-03-08,U1327,30.25
2024-03-08,U1221,21.52
2024-03-08,U1345,60.68
2024-03-08,U1257,-18.0
2024-03-08,U1052,21.33
2024-03-08,U223,20.37
2024-03-08,U625,99.76
2024-03-08,U903,34.4
2024-03-09,U1025,21.84
2024-03-09,U743,187.44
2024-03-09,U514,64.64
2024-03-09,U1190,32.43
2024-03-09,U372,68.31
2024-03-09,U924,36.21
2024-03-09,U957,30.37
2024-03-09,U528,31.7
2023-06-28,U489,92.82
2024-03-10,U1363,20.6
2024-03-10,U854,50.12
2024-03-10,U1364,64.78
2024-03-10,U1367,83.54
2024-03-10,U1333,38.58
2024-03-10,U810,30.16
2024-03-10,U1225,20.65
2024-03-10,U540,53.24
2023-06-29,U452,54.33
2024-03-11,U1273,22.37
2024-03-11,U1374,43.05
2023-06-30,U556,43.05
2023-06-30,U545,31.75
2024-03-12,U1397,21.8
2024-03-12,U1392,20.49
2024-03-12,U1085,20.87
2024-03-12,U1363,20.62
2023-07-01,U540,43.14
2023-07-01,U528,32.5
2024-03-13,U926,33.11
2024-03-13,U309,30.69
2024-03-13,U1067,40.86
2024-03-13,U782,262.97
2024-03-13,U903,43.04
2023-07-02,U552,54.06
2023-07-02,U396,83.62
2023-07-02,U372,55.1
2023-07-02,U475,61.68
2024-03-14,U489,74.93
2024-03-14,U701,10.14
2024-03-14,U754,57.47
2024-03-14,U337,36.73
2024-03-14,U1407,103.09
2024-03-14,U1413,45.92
2024-03-14,U1138,77.06
2024-03-14,U768,35.64
2024-03-15,U1194,111.32
2024-03-15,U1429,141.9
2024-03-15,U471,54.16
2024-03-15,U1221,50.54
2024-03-15,U1319,23.71
2024-03-15,U1324,28.46
2024-03-15,U10,41.78
2024-03-15,U828,33.71
2024-03-15,U1431,20.21
2024-03-16,U1257,-18.0
2024-03-16,U1281,1.11
2024-03-16,U14,59.22
2024-03-16,U1169,43.46
2024-03-16,U1439,0.24
2024-03-16,U1440,34.48
2024-03-16,U1397,20.36
2024-03-16,U1025,16.1
2024-03-16,U1345,53.81
2024-03-16,U790,42.15
2024-03-17,U1133,36.63
2024-03-17,U382,90.82
2024-03-17,U1409,39.54
2024-03-17,U1450,5.14
2024-03-17,U864,44.41
2024-03-17,U540,49.6
2024-03-17,U1455,30.0
2024-03-17,U854,27.39
2024-03-17,U1456,50.44
2024-03-17,U1457,45.3
2023-07-06,U547,30.79
2024-03-18,U1369,52.35
2023-07-07,U540,44.83
2023-07-07,U471,34.21
2023-07-07,U396,53.48
2023-07-07,U1,46.45
2024-03-19,U1363,20.48
2024-03-19,U1477,32.71
2023-07-08,U467,62.93
2024-03-20,U1494,31.71
2024-03-20,U625,122.07
2024-03-20,U951,54.2
2024-03-20,U529,39.22
2024-03-20,U924,57.12
2024-03-20,U1164,32.42
2024-03-20,U1319,20.45
2024-03-20,U942,45.09
2024-03-20,U471,46.5
2024-03-20,U372,39.91
2023-07-09,U2,49.27
2023-07-09,U556,58.15
2024-03-21,U1519,23.99
2024-03-21,U485,56.53
2024-03-21,U743,114.16
2024-03-21,U242,24.4
2024-03-21,U245,86.45
2024-03-21,U12,58.63
2024-03-21,U23,81.4
2024-03-21,U790,49.82
2024-03-21,U552,117.11
2024-03-21,U949,38.88
2024-03-21,U903,30.37
2024-03-21,U1338,31.52
2024-03-21,U1504,68.04
2024-03-21,U1507,20.16
2024-03-21,U831,59.23
2024-03-21,U489,98.15
2024-03-21,U1324,29.5
2024-03-21,U1497,32.11
2024-03-21,U1194,54.17
2024-03-21,U1503,36.05
2023-07-10,U559,43.39
2023-07-10,U560,52.86
2024-03-22,U626,5.0
2024-03-22,U223,36.55
2024-03-22,U1221,29.41
2024-03-22,U1327,32.44
2024-03-22,U1485,50.13
2024-03-22,U525,71.0
2023-07-11,U489,54.96
2024-03-23,U1536,21.95
2024-03-23,U808,80.86
2024-03-23,U152,58.56
2024-03-23,U589,48.43
2024-03-23,U1030,23.95
2024-03-23,U1235,40.07
2024-03-23,U1109,68.97
2024-03-23,U1215,20.14
2024-03-23,U1,36.21
2024-03-23,U1436,31.51
2024-03-23,U1025,10.18
2024-03-23,U1097,40.06
2023-07-12,U406,31.01
2024-03-24,U1681,30.77
2024-03-24,U845,32.97
2024-03-24,U810,35.64
2024-03-24,U382,30.1
2024-03-24,U1654,1.66
2024-03-24,U1643,68.5
2024-03-24,U540,42.18
2024-03-24,U1363,30.74
2024-03-24,U1534,23.73
2024-03-24,U1675,68.73
2024-03-24,U1397,20.11
2024-03-24,U1622,22.61
2024-03-24,U1651,23.76
2023-07-13,U547,30.63
2023-07-13,U528,31.9
2024-03-25,U1706,46.69
2024-03-25,U877,246.59
2024-03-25,U1329,20.53
2024-03-25,U377,40.98
2024-03-25,U854,51.83
2024-03-25,U421,42.81
2023-07-14,U421,55.13
2024-03-26,U828,32.21
2024-03-26,U1630,118.97
2024-03-26,U323,48.05
2024-03-26,U903,51.63
2024-03-26,U1708,32.26
2024-03-26,U1745,79.19
2024-03-26,U1724,6.65
2024-03-27,U705,122.05
2024-03-27,U937,43.51
2024-03-27,U1198,52.41
2024-03-27,U69,25.88
2024-03-27,U1760,49.69
2024-03-27,U1151,22.94
2024-03-27,U174,34.35
2024-03-27,U611,64.85
2024-03-27,U579,74.15
2023-07-16,U372,41.62
2023-07-16,U396,62.82
2023-07-16,U529,153.63
2023-07-16,U471,89.21
2024-03-28,U630,90.69
2024-03-28,U1782,59.13
2024-03-28,U1407,110.45
2024-03-28,U1249,20.33
2024-03-28,U1450,6.01
2024-03-28,U1248,24.98
2024-03-28,U1781,20.32
2024-03-28,U1439,10.11
2024-03-28,U1194,78.73
2024-03-28,U1805,33.75
2024-03-28,U439,105.07
2024-03-28,U790,31.51
2024-03-28,U1287,21.12
2024-03-28,U1485,41.37
2024-03-28,U1327,40.31
2024-03-28,U1338,31.93
2024-03-28,U1556,20.37
2023-07-17,U540,44.79
2024-03-29,U1085,33.77
2024-03-29,U798,46.85
2024-03-29,U1211,34.93
2024-03-29,U1525,45.18
2024-03-29,U796,32.14
2024-03-29,U1807,31.25
2024-03-29,U1392,23.35
2024-03-29,U587,41.41
2024-03-29,U1221,30.66
2024-03-29,U1660,132.66
2024-03-29,U1735,1.18
2024-03-30,U701,1.82
2024-03-30,U1378,12.9
2024-03-30,U1874,20.14
2024-03-30,U1109,52.67
2024-03-30,U836,48.97
2024-03-30,U854,59.38
2024-03-30,U1831,48.47
2024-03-30,U528,30.75
2024-03-30,U1554,30.26
2024-03-30,U540,48.62
2024-03-30,U1534,20.18
2024-03-30,U831,62.86
2023-07-19,U556,65.49
2024-03-31,U1489,11.43
2024-03-31,U1894,21.34
2024-03-31,U1164,40.0
2024-03-31,U1900,10.63
2024-03-31,U1905,40.85
2024-03-31,U1915,34.64
2024-03-31,U1392,20.25
2024-03-31,U1919,33.8
2024-03-31,U1851,13.47
2024-03-31,U1025,21.8
2024-03-31,U1909,23.36
2024-03-31,U1914,22.64
2024-03-31,U1921,49.51
2024-03-31,U1864,9.86
2024-03-31,U1892,29.3
2024-03-31,U372,45.59
2024-03-31,U847,21.54
2024-03-31,U382,67.68
2024-03-31,U517,94.19
2024-04-01,U227,39.17
2024-04-01,U1215,20.09
2024-04-01,U310,48.58
2023-07-21,U547,31.16
2024-04-02,U1963,55.66
2024-04-02,U1491,20.05
2023-07-22,U423,56.44
2023-07-22,U513,59.16
2024-04-03,U1983,27.05
2024-04-03,U625,99.51
2024-04-03,U1945,88.43
2024-04-03,U309,34.72
2024-04-03,U891,21.31
2024-04-03,U1970,35.75
2024-04-03,U1257,-32.0
2024-04-03,U1536,20.26
2024-04-04,U1235,31.87
2024-04-04,U2046,13.69
2024-04-04,U1909,6.17
2024-04-04,U1766,20.87
2024-04-04,U1956,15.33
2024-04-04,U743,220.47
2024-04-04,U1970,44.93
2024-04-04,U1198,47.78
2024-04-04,U1436,37.89
2024-04-04,U1194,62.49
2024-04-04,U2042,22.17
2024-04-04,U1939,15.98
2024-04-04,U1262,-16.0
2024-04-04,U2045,41.9
2024-04-05,U1109,38.91
2024-04-05,U1874,42.49
2024-04-05,U1669,58.32
2024-04-05,U903,43.51
2024-04-05,U2119,32.75
2024-04-05,U2111,47.99
2024-04-05,U942,37.38
2024-04-05,U2103,21.49
2024-04-05,U949,30.13
2024-04-05,U1221,42.38
2024-04-05,U1280,66.43
2024-04-05,U1485,54.3
2024-04-05,U1319,30.21
2024-04-05,U1409,39.89
2024-04-05,U957,57.99
2024-04-05,U2124,50.56
2024-04-06,U1257,-12.0
2024-04-06,U2145,31.15
2024-04-06,U2137,52.51
2023-07-26,U540,41.58
2024-04-07,U2162,32.1
2024-04-07,U525,68.65
2024-04-07,U796,34.54
2024-04-07,U540,46.87
2024-04-07,U2164,30.52
2024-04-07,U2177,29.97
2024-04-07,U1556,21.69
2024-04-07,U2157,63.88
2024-04-07,U2182,31.09
2024-04-07,U1504,63.34
2024-04-07,U2159,42.37
2023-07-27,U372,34.93
2023-07-27,U475,58.52
2024-04-08,U2181,71.16
2024-04-08,U2187,35.33
2024-04-08,U1257,-4.0
2024-04-09,U2076,30.4
2024-04-09,U2216,45.93
2024-04-10,U1708,63.47
2024-04-10,U1194,48.7
2024-04-10,U2228,82.78
2024-04-10,U790,76.76
2024-04-10,U2022,24.34
2024-04-11,U2243,30.21
2024-04-11,U1494,30.36
2024-04-11,U2251,35.64
2024-04-11,U1963,37.73
2024-04-11,U1320,208.08
2024-04-11,U1485,54.33
2024-04-11,U1507,13.47
2024-04-11,U2245,37.15
2024-04-11,U903,33.25
2024-04-12,U1390,54.43
2024-04-12,U1367,100.65
2024-04-12,U1534,36.3
2024-04-12,U1221,63.36
2024-04-12,U2269,42.75
2024-04-13,U2120,43.54
2024-04-13,U2278,32.66
2024-04-14,U2046,21.96
2024-04-14,U1874,53.93
2024-04-14,U2157,40.1
2024-04-15,U2311,31.45
2024-04-15,U625,67.71
2024-04-15,U2299,26.46
2024-04-15,U1869,48.18
2024-04-15,U1401,30.07
2024-04-15,U831,91.59
2024-04-16,U1744,105.7
2024-04-16,U2322,31.59
2024-04-16,U2323,67.36
2024-04-16,U227,33.28
2024-04-17,U489,111.39
2024-04-17,U552,55.47
2024-04-17,U2341,32.85
2024-04-17,U903,35.61
2024-04-17,U131,52.98
2024-04-17,U1630,59.51
2024-04-17,U1669,67.51
2024-04-17,U69,30.12
2024-04-17,U1067,34.42
2024-04-17,U471,56.32
2024-04-17,U176,26.14
2024-04-17,U245,31.98
2024-04-17,U2242,32.43
2024-04-17,U2330,21.02
2024-04-17,U1851,35.42
2024-04-17,U1109,39.93
2024-04-17,U1753,27.35
2024-04-18,U1518,37.86
2024-04-18,U152,58.45
2024-04-18,U1198,79.36
2024-04-18,U2328,21.29
2024-04-18,U765,68.46
2024-04-18,U2304,23.97
2024-04-18,U553,81.52
2024-04-18,U528,31.6
2024-04-18,U1436,41.4
2024-04-18,U2350,30.77
2024-04-18,U2185,25.2
2024-04-18,U924,70.48
2024-04-18,U790,35.73
2024-04-18,U529,54.1
2024-04-18,U2351,58.96
2024-04-19,U1378,11.44
2024-04-19,U2425,36.77
2024-04-19,U1582,21.91
2024-04-19,U2409,31.79
2024-04-19,U1814,50.62
2024-04-19,U2432,20.63
2024-04-19,U2428,56.59
2024-04-19,U774,31.59
2024-04-19,U1867,34.45
2024-04-19,U1221,50.04
2024-04-19,U2345,31.33
2024-04-19,U1686,8.0
2024-04-19,U782,159.8
2024-04-20,U2446,-4.0
2024-04-20,U1708,53.47
2024-04-20,U1485,52.94
2024-04-20,U1118,21.21
2024-04-20,U2445,40.69
2024-04-20,U1257,-16.0
2024-04-20,U626,30.17
2024-04-20,U2228,56.21
2024-04-20,U1268,59.84
2024-04-20,U2346,60.54
2024-04-20,U2448,45.52
2024-04-20,U2440,20.02
2024-04-20,U2390,17.06
2024-04-20,U2444,24.87
2024-04-20,U2441,23.65
2024-04-20,U1235,42.02
2024-04-20,U2434,20.08
2024-04-20,U2164,46.1
2024-04-20,U2217,46.91
2024-04-20,U2,96.11
2024-04-21,U1097,42.43
2024-04-21,U2462,31.35
2024-04-21,U2299,20.91
2024-04-21,U2238,51.85
2024-04-21,U2348,26.28
2024-04-21,U2454,47.23
2024-04-21,U788,157.91
2024-04-21,U2137,46.79
2024-04-21,U1651,33.17
2024-04-21,U931,21.56
2024-04-21,U2459,2.65
2024-04-22,U2490,46.62
2024-04-22,U2492,45.5
2024-04-22,U2482,46.93
2024-04-22,U2493,24.59
2024-04-23,U2242,21.54
2024-04-23,U1494,12.93
2024-04-23,U2506,40.34
2024-04-23,U2498,49.88
2024-04-24,U2527,23.17
2024-04-24,U924,54.8
2024-04-24,U2522,31.84
2024-04-24,U1504,47.74
2024-04-24,U2338,35.02
2024-04-24,U471,32.11
2024-04-24,U1194,63.95
2024-04-24,U2521,53.19
2024-04-24,U2528,48.71
2024-04-24,U831,85.73
2024-04-24,U2041,37.79
2024-04-24,U2330,20.19
2024-04-24,U489,79.89
2024-04-25,U23,71.93
2024-04-25,U2157,59.9
2024-04-25,U2328,44.53
2024-04-25,U2536,32.44
2024-04-25,U2159,4.85
2024-04-25,U2164,37.4
2024-04-25,U1963,99.24
2024-04-25,U1257,-12.0
2024-04-25,U2541,57.27
2024-04-25,U471,19.57
2023-08-14,U489,76.33
2024-04-26,U1257,-14.0
2024-04-26,U2557,20.65
2024-04-26,U858,30.61
2024-04-26,U2446,-4.0
2024-04-26,U2566,73.54
2024-04-26,U1221,49.43
2024-04-26,U372,64.91
2024-04-26,U2346,54.98
2024-04-26,U949,32.6
2024-04-26,U14,28.33
2024-04-26,U1499,61.71
2024-04-26,U2502,22.54
2024-04-26,U891,20.98
2024-04-26,U743,161.01
2023-08-15,U528,39.41
2024-04-27,U2220,38.13
2024-04-27,U2444,21.95
2024-04-27,U2584,16.05
2024-04-27,U2246,10.77
2024-04-27,U2592,33.44
2024-04-27,U2462,36.86
2024-04-27,U540,74.6
2024-04-27,U2507,130.43
2024-04-27,U1257,-4.0
2024-04-27,U337,33.44
2023-08-16,U529,182.28
2023-08-16,U493,51.3
2023-08-16,U471,41.82
2024-04-28,U1708,34.3
2024-04-28,U2617,20.26
2024-04-28,U1002,48.23
2024-04-28,U179,23.12
2024-04-28,U2615,20.37
2024-04-28,U2616,42.43
2023-08-17,U452,50.05
2024-04-29,U552,132.81
2024-04-29,U2345,30.04
2024-04-29,U2647,51.98
2024-04-29,U2076,31.98
2024-04-29,U1982,119.07
2024-04-29,U2620,82.57
2024-04-30,U1338,42.91
2024-04-30,U2484,22.39
2024-04-30,U2299,33.63
2023-08-19,U500,40.88
2023-08-19,U131,73.04
2024-05-01,U2672,55.87
2024-05-01,U2218,27.52
2023-08-20,U475,38.86
2024-05-02,U2701,80.81
2024-05-02,U2706,158.03
2024-05-02,U2682,23.79
2024-05-02,U2688,21.26
2024-05-02,U626,27.27
2024-05-02,U1109,56.2
2024-05-02,U1621,30.16
2024-05-02,U903,16.93
2024-05-02,U854,56.28
2024-05-02,U2328,56.51
2024-05-02,U2684,42.57
2024-05-02,U625,94.97
2024-05-02,U2667,29.01
2024-05-02,U2687,22.95
2023-08-21,U556,69.23
2024-05-03,U924,72.75
2024-05-03,U2413,1.89
2024-05-03,U2715,41.76
2024-05-03,U2710,34.3
2024-05-03,U2763,123.31
2024-05-03,U2615,20.29
2024-05-03,U774,40.98
2024-05-03,U2446,-4.0
2024-05-03,U2716,36.57
2024-05-03,U2756,31.23
2024-05-03,U2569,24.45
2024-05-03,U1319,30.72
2024-05-03,U2654,22.88
2024-05-03,U2759,47.44
2024-05-03,U2164,30.21
2024-05-03,U2705,160.8
2024-05-03,U1630,45.93
2024-05-03,U2751,39.26
2024-05-03,U1221,54.13
2024-05-04,U2580,21.55
2024-05-04,U1499,31.78
2024-05-04,U2789,91.9
2024-05-04,U2794,20.04
2024-05-04,U2774,10.11
2024-05-04,U1456,25.7
2024-05-04,U2603,0.02
2024-05-04,U2022,21.46
2024-05-04,U449,103.38
2024-05-04,U1914,37.74
2024-05-04,U514,50.16
2024-05-04,U2620,34.53
2024-05-04,U619,34.24
2024-05-04,U2780,22.03
2024-05-05,U1378,-2.5
2024-05-05,U403,82.74
2024-05-05,U2490,44.51
2024-05-05,U2181,67.73
2024-05-05,U2330,30.99
2024-05-05,U1399,51.96
2024-05-05,U1118,22.29
2024-05-05,U2536,63.76
2024-05-05,U1504,52.43
2024-05-05,U1280,60.04
2024-05-05,U540,45.88
2023-08-24,U493,36.14
2024-05-06,U2369,22.62
2024-05-06,U2482,31.66
2024-05-06,U1409,39.35
2024-05-06,U2647,106.51
2024-05-06,U312,30.51
2024-05-06,U2228,60.77
2024-05-06,U2837,24.38
2024-05-06,U1338,33.59
2024-05-06,U1166,86.77
2024-05-06,U2541,78.9
2024-05-06,U1394,23.53
2023-08-25,U569,53.68
2024-05-07,U2845,37.48
2024-05-07,U2675,20.91
2024-05-07,U2859,45.9
2024-05-07,U2855,30.29
2024-05-07,U2688,20.12
2023-08-26,U552,28.99
2024-05-08,U2432,60.63
2024-05-08,U489,82.43
2024-05-08,U2824,3.71
2024-05-08,U1505,64.25
2024-05-08,U2473,70.44
2024-05-08,U2187,38.6
2024-05-08,U2346,93.42
2024-05-08,U854,33.62
2024-05-08,U1708,44.13
2024-05-08,U2428,105.1
2024-05-08,U2548,20.22
2024-05-08,U2634,11.64
2024-05-09,U1474,33.13
2024-05-09,U2568,23.46
2024-05-09,U2916,31.29
2024-05-09,U1534,48.69
2024-05-09,U1219,33.5
2024-05-09,U2921,55.85
2024-05-09,U1097,40.23
2024-05-09,U2915,8.77
2024-05-09,U2918,30.39
2024-05-09,U1867,36.85
2024-05-09,U2900,30.25
2024-05-09,U2920,20.75
2024-05-09,U1367,74.87
2024-05-09,U1630,49.7
2024-05-09,U2919,78.53
2024-05-09,U2580,24.5
2024-05-09,U2137,51.76
2024-05-10,U1894,37.87
2024-05-10,U2701,50.59
2024-05-10,U372,44.92
2024-05-10,U2434,44.97
2024-05-10,U2937,35.54
2024-05-10,U687,37.92
2024-05-10,U2890,24.94
2024-05-10,U768,30.19
2024-05-10,U2462,40.98
2024-05-10,U1150,20.6
2024-05-10,U131,57.29
2024-05-10,U517,92.74
2024-05-10,U2947,-4.0
2024-05-10,U2943,84.16
2024-05-10,U1221,62.71
2024-05-10,U2182,33.97
2024-05-10,U2939,58.04
2023-08-29,U1,60.65
2024-05-11,U1699,0.6
2024-05-11,U2962,102.94
2024-05-11,U2562,68.76
2024-05-11,U2246,30.88
2024-05-11,U2148,45.91
2024-05-11,U1268,79.99
2024-05-11,U903,31.48
2024-05-11,U2966,21.02
2024-05-11,U2242,30.56
2024-05-11,U2164,41.66
2024-05-12,U1699,0.6
2024-05-12,U2171,23.26
2024-05-12,U2709,35.2
2024-05-12,U1528,57.65
2024-05-12,U2546,30.31
2024-05-12,U1194,151.8
2024-05-12,U2873,88.27
2024-05-12,U1390,34.81
2024-05-12,U2999,53.13
2024-05-12,U2620,102.59
2024-05-12,U1309,44.8
2024-05-12,U540,61.27
2023-08-31,U528,31.49
2023-08-31,U514,76.83
2023-08-31,U540,46.47
2023-08-31,U574,126.27
2024-05-13,U3028,40.53
2024-05-13,U2824,20.29
2024-05-13,U2937,34.45
2024-05-13,U1699,15.9
2024-05-13,U1257,4.12
2024-05-13,U3003,20.27
2023-09-01,U377,37.4
2024-05-14,U3035,19.53
2024-05-14,U3056,22.72
2024-05-14,U3051,33.75
2024-05-14,U3019,34.35
2024-05-14,U3034,21.94
2023-09-02,U552,61.6
2023-09-02,U312,52.62
2024-05-15,U3062,49.42
2024-05-15,U2667,63.74
2024-05-15,U314,34.93
2024-05-15,U1474,27.87
2024-05-15,U2309,20.1
2024-05-15,U2548,21.81
2024-05-15,U625,82.57
2024-05-15,U2185,20.07
2024-05-15,U2543,15.12
2024-05-15,U489,110.16
2023-09-03,U536,99.04
2023-09-03,U372,42.52
2024-05-16,U2273,21.02
2024-05-16,U2502,5.52
2024-05-16,U309,30.23
2024-05-16,U2705,69.47
2024-05-16,U2568,20.85
2024-05-16,U3071,57.28
2024-05-16,U924,58.52
2024-05-16,U836,31.25
2024-05-16,U471,61.0
2024-05-16,U1499,46.36
2024-05-16,U1248,37.17
2024-05-16,U782,114.06
2024-05-16,U2220,27.95
2024-05-16,U1347,57.2
2024-05-16,U2164,31.24
2024-05-16,U174,35.23
2024-05-17,U942,32.92
2024-05-17,U2408,18.52
2024-05-17,U2626,52.32
2024-05-17,U1686,67.56
2024-05-17,U3083,55.54
2024-05-17,U3081,39.72
2024-05-17,U1319,50.37
2024-05-17,U1118,30.34
2024-05-17,U2182,60.89
2024-05-17,U1221,60.9
2024-05-17,U1394,27.86
2024-05-17,U619,37.72
2024-05-17,U620,64.3
2024-05-17,U2218,37.72
2024-05-17,U3086,22.64
2024-05-18,U1928,20.3
2024-05-18,U2933,21.56
2024-05-18,U2076,50.73
2024-05-18,U1085,30.95
2024-05-18,U1844,32.45
2024-05-18,U2653,45.47
2024-05-18,U3021,40.07
2024-05-18,U1,139.17
2024-05-18,U2948,38.76
2024-05-18,U1194,59.52
2024-05-18,U3090,20.25
2024-05-18,U1929,44.68
2024-05-18,U552,58.7
2024-05-18,U461,36.46
2024-05-18,U3088,28.81
2024-05-18,U2873,73.6
2024-05-19,U1919,49.05
2024-05-19,U3119,27.86
2024-05-19,U3136,44.36
2024-05-19,U3129,75.44
2024-05-19,U2967,30.88
2024-05-19,U2979,47.54
2024-05-19,U3107,38.34
2024-05-19,U3110,72.15
2024-05-19,U957,38.64
2024-05-19,U1320,209.08
2024-05-19,U2187,42.78
2024-05-19,U3068,21.59
2024-05-19,U3108,20.48
2024-05-19,U2890,34.07
2024-05-19,U3132,22.3
2024-05-19,U2701,47.21
2024-05-19,U1378,-2.5
2024-05-19,U3137,31.28
2024-05-19,U3144,21.13
2024-05-19,U2603,31.25
2024-05-19,U3128,33.61
2024-05-19,U1582,26.34
2024-05-19,U2444,25.93
2024-05-20,U3119,21.75
2024-05-20,U1867,72.61
2024-05-20,U1187,23.86
2024-05-20,U2915,30.03
2024-05-20,U831,49.91
2024-05-21,U2413,0.65
2024-05-21,U3169,9.29
2024-05-21,U514,48.55
2024-05-21,U891,30.85
2024-05-21,U2434,40.03
2024-05-21,U1456,42.62
2024-05-21,U3164,90.22
2023-09-09,U540,34.47
2023-09-09,U471,76.25
2023-09-09,U131,41.83
2024-05-22,U2568,30.1
2024-05-22,U2667,41.84
2024-05-22,U3192,30.25
2024-05-22,U3051,33.08
2024-05-22,U3111,20.2
2024-05-22,U2472,47.52
2024-05-22,U3165,46.04
2024-05-22,U3175,30.82
2024-05-22,U2346,83.72
2024-05-22,U2548,46.84
2024-05-22,U1669,89.38
2024-05-22,U1474,27.04
2024-05-22,U3128,30.34
2024-05-22,U2490,54.01
2024-05-22,U2682,20.26
2024-05-22,U924,49.09
2024-05-22,U903,30.48
2023-09-10,U2,39.9
2023-09-10,U529,196.1
2023-09-10,U396,109.55
2023-09-10,U576,46.35
2023-09-10,U372,74.28
2024-05-23,U1696,14.16
2024-05-23,U2939,49.9
2024-05-23,U3226,13.17
2024-05-23,U1369,45.09
2024-05-23,U1928,21.64
2024-05-23,U3033,33.45
2024-05-23,U2774,10.5
2024-05-23,U2164,30.02
2024-05-23,U3230,20.64
2024-05-23,U3092,21.73
2024-05-23,U3178,16.05
2024-05-23,U774,37.54
2024-05-23,U626,27.4
2024-05-23,U3212,21.27
2024-05-23,U1744,65.54
2024-05-23,U2343,96.36
2024-05-23,U743,120.06
2024-05-23,U3235,30.96
2024-05-23,U1257,4.01
2024-05-23,U790,49.7
2024-05-23,U1258,-4.0
2024-05-23,U3234,164.79
2024-05-23,U3225,33.33
2023-09-11,U552,30.84
2024-05-24,U3268,1.99
2024-05-24,U2943,85.37
2024-05-24,U540,52.28
2024-05-24,U2502,33.71
2024-05-24,U3248,20.02
2024-05-24,U1221,82.59
2024-05-24,U2831,35.59
2024-05-24,U3260,21.2
2024-05-24,U2690,0.31
2024-05-24,U3113,21.9
2024-05-24,U2715,32.66
2024-05-24,U245,65.37
2024-05-24,U3264,48.72
2024-05-24,U2351,61.2
2024-05-24,U2900,43.11
2024-05-24,U1109,38.83
2023-09-12,U174,37.89
2024-05-25,U2041,30.22
2024-05-25,U2492,35.71
2024-05-25,U2962,75.63
2024-05-25,U1708,63.52
2024-05-25,U372,47.3
2024-05-25,U687,52.12
2024-05-25,U3315,47.14
2024-05-25,U2242,20.89
2024-05-25,U3318,22.7
2024-05-25,U2873,63.18
2024-05-25,U3302,32.9
2024-05-25,U3287,30.87
2024-05-25,U1499,50.47
2024-05-25,U3021,34.83
2024-05-25,U3323,30.61
2024-05-25,U2022,30.26
2024-05-25,U2446,27.4
2024-05-25,U1844,20.0
2024-05-25,U2597,34.73
2024-05-25,U1534,64.88
2023-09-13,U569,57.5
2023-09-13,U461,62.09
2024-05-26,U2309,20.01
2024-05-26,U2861,34.01
2024-05-26,U3248,21.46
2024-05-26,U3356,38.28
2024-05-26,U2204,0.49
2024-05-26,U3353,20.21
2024-05-26,U3245,13.61
2024-05-26,U3218,6.39
2024-05-26,U2937,50.08
2024-05-26,U2629,6.0
2024-05-26,U803,43.12
2024-05-26,U2921,42.22
2024-05-26,U3119,31.01
2024-05-26,U3313,23.16
2024-05-26,U3336,42.23
2024-05-26,U3088,24.84
2024-05-26,U3110,52.96
2023-09-14,U154,31.95
2023-09-14,U578,157.61
2024-05-27,U2687,21.45
2024-05-27,U3390,25.36
2024-05-27,U2634,30.73
2024-05-27,U3393,24.1
2024-05-27,U2159,11.71
2024-05-27,U3392,30.33
2024-05-27,U3034,26.53
2024-05-27,U3276,11.73
2024-05-27,U3369,79.72
2024-05-27,U3389,35.52
2024-05-27,U1445,20.13
2024-05-27,U3214,3.02
2024-05-28,U1928,31.97
2024-05-28,U2273,20.13
2024-05-28,U1512,125.87
2024-05-28,U2824,30.61
2024-05-28,U625,119.08
2024-05-28,U2328,43.9
2024-05-28,U3386,20.71
2024-05-28,U1338,33.24
2024-05-28,U3234,200.33
2024-05-28,U1219,37.51
2024-05-28,U1194,122.34
2024-05-28,U2831,36.54
2023-01-03,U1,84.37
2023-09-16,U529,71.93
2024-05-29,U1018,45.37
2024-05-29,U1194,30.24
2024-05-29,U2615,26.3
2024-05-29,U3452,24.5
2024-05-29,U3352,21.41
2024-05-29,U2672,33.06
2024-05-29,U1582,45.7
2024-05-29,U2580,32.16
2024-05-29,U3434,20.57
2024-05-29,U2346,57.97
2024-05-29,U3189,9.59
2024-05-29,U790,60.33
2024-05-29,U2218,55.11
2024-05-29,U3435,31.41
2024-05-29,U174,43.17
2024-05-29,U3209,24.07
2024-05-29,U3083,53.95
2024-05-29,U3433,2.8
2024-05-29,U2011,20.51
2024-05-29,U2597,37.21
2024-05-29,U1919,71.05
2024-05-29,U3233,30.32
2024-05-29,U1970,66.54
2024-05-29,U1249,32.47
2024-05-29,U489,116.52
2024-05-29,U1979,30.74
2024-05-29,U1708,42.27
2024-05-29,U3454,1.48
2024-05-29,U2228,62.97
2024-05-29,U3432,31.3
2024-05-29,U903,41.71
2024-05-29,U2915,24.39
2023-01-04,U56,32.9
2023-09-17,U580,38.79
2024-05-30,U3089,0.2
2024-05-30,U2667,31.28
2024-05-30,U2148,26.6
2024-05-30,U2948,83.69
2024-05-30,U2413,10.79
2024-05-30,U3461,23.42
2024-05-30,U3209,55.12
2024-05-30,U3467,32.14
2024-05-30,U14,92.85
2024-05-30,U2432,105.98
2024-05-30,U3476,43.4
2024-05-30,U1324,39.43
2024-05-30,U1630,36.08
2024-05-30,U3459,43.62
2024-05-30,U1753,52.69
2024-05-30,U3489,29.94
2024-05-30,U3490,0.02
2024-05-30,U3108,20.72
2024-05-30,U3496,62.52
2024-05-30,U1841,33.56
2024-05-30,U3003,28.81
2024-05-30,U3475,21.65
2024-05-30,U3481,107.89
2024-05-30,U3332,80.37
2023-01-05,U59,39.63
2023-01-05,U2,51.27
2024-05-31,U3320,32.24
2024-05-31,U3360,32.09
2024-05-31,U3334,30.28
2024-05-31,U3499,39.9
2024-05-31,U3511,129.36
2024-05-31,U1851,30.42
2024-05-31,U2701,36.41
2024-05-31,U2309,20.08
2024-05-31,U3461,51.04
2024-05-31,U3132,31.79
2024-05-31,U2966,2.54
2024-05-31,U3347,45.62
2024-05-31,U3543,20.24
2024-05-31,U1166,110.62
2024-05-31,U1221,65.59
2024-05-31,U2687,32.96
2024-05-31,U2933,30.3
2024-05-31,U1445,81.87
2024-05-31,U1164,81.65
2024-05-31,U2185,30.44
2024-05-31,U3128,40.51
2024-05-31,U2343,24.82
2024-05-31,U3248,30.16
2024-05-31,U2909,22.36
2024-05-31,U2774,20.32
2024-05-31,U3531,32.84
2024-05-31,U3513,23.91
2024-05-31,U2177,34.32
2024-05-31,U2626,48.2
2024-05-31,U3522,21.47
2024-05-31,U2780,21.05
2024-05-31,U2682,31.36
2024-05-31,U3470,32.66
2024-05-31,U2182,34.07
2024-05-31,U2861,32.22
2024-05-31,U1940,81.71
2023-01-06,U63,40.07
2024-06-01,U1257,-12.0
2024-06-01,U1369,-2.5
2024-06-01,U3389,54.02
2024-06-01,U2246,16.68
2024-06-01,U3086,20.27
2024-06-01,U3245,7.01
2024-06-01,U3548,58.04
2024-06-01,U3576,60.69
2024-06-01,U2967,61.75
2024-06-01,U3554,34.27
2024-06-01,U3087,36.83
2024-06-01,U3549,86.42
2024-06-01,U3575,32.03
2024-06-01,U3336,121.83
2024-06-01,U540,61.73
2024-06-01,U2124,88.89
2024-06-01,U2568,30.76
2024-06-01,U3563,62.69
2024-06-01,U3580,68.28
2024-06-01,U2873,68.97
2024-06-01,U2620,37.16
2024-06-01,U3403,33.02
2024-06-01,U3569,38.46
2024-06-01,U891,42.36
2024-06-01,U3165,29.93
2024-06-01,U2541,171.83
2024-06-01,U3313,53.81
2024-06-01,U528,31.86
2023-01-07,U64,51.23
2023-09-20,U6,34.77
2023-01-08,U50,44.26
2023-09-21,U396,59.8
2023-09-21,U553,98.34
2023-09-21,U528,30.05
2023-09-21,U69,33.56
2024-06-03,U1327,35.56
2024-06-03,U1928,32.3
2024-06-03,U3166,20.14
2023-01-09,U9,30.76
2023-09-22,U584,47.93
2023-09-22,U131,41.15
2024-06-04,U1347,69.04
2024-06-04,U2164,30.46
2024-06-04,U3625,36.26
2024-06-04,U3512,41.95
2023-09-23,U540,43.92
2023-09-23,U529,113.55
2024-06-05,U2667,35.05
2024-06-05,U924,61.52
2024-06-05,U309,30.95
2024-06-05,U471,32.77
2024-06-05,U1505,69.07
2024-06-05,U903,30.46
2024-06-05,U2709,31.24
2024-06-05,U3647,31.41
2024-06-05,U2181,73.26
2024-06-05,U1032,51.05
2024-06-05,U489,59.07
2024-06-05,U1919,33.59
2024-06-05,U3648,56.14
2024-06-05,U3644,56.42
2024-06-05,U3083,65.41
2023-01-11,U67,77.03
2023-09-24,U552,93.82
2023-09-24,U580,30.79
2023-09-24,U471,45.93
2024-06-06,U2126,1.64
2024-06-06,U931,73.67
2024-06-06,U803,30.42
2024-06-06,U2543,8.89
2024-06-06,U1744,40.08
2024-06-06,U3661,87.02
2024-06-06,U1097,44.99
2024-06-06,U1708,32.3
2024-06-06,U2522,30.56
2024-06-06,U790,85.37
2024-06-06,U3620,27.64
2024-06-06,U2348,29.02
2024-06-06,U1867,36.28
2024-06-06,U3497,54.89
2024-06-06,U1369,4.5
2024-06-06,U2654,30.87
2024-06-06,U552,101.87
2024-06-06,U774,41.57
2023-01-12,U69,62.12
2023-01-12,U70,140.33
2023-01-12,U26,59.31
2024-06-07,U1440,52.44
2024-06-07,U1257,-8.0
2024-06-07,U2273,31.92
2024-06-07,U1221,58.46
2024-06-07,U3411,78.66
2024-06-07,U2939,59.53
2024-06-07,U3682,22.88
2024-06-07,U1914,15.25
2024-06-07,U3716,33.33
2024-06-07,U1011,42.19
2024-06-07,U3521,31.0
2024-06-07,U3735,59.08
2024-06-07,U3336,110.2
2024-06-07,U3385,41.95
2024-06-07,U3728,3.3
2024-06-07,U3729,58.86
2024-06-07,U517,113.27
2024-06-07,U3386,10.95
2023-01-13,U78,48.62
2023-01-13,U130,48.87
2023-01-13,U107,39.73
2023-01-13,U131,41.48
2023-01-13,U117,73.25
2023-01-13,U79,46.88
2023-01-13,U81,59.4
2023-01-13,U101,31.18
2023-01-13,U6,46.12
2023-01-13,U116,37.12
2023-01-13,U88,58.41
2023-01-13,U119,68.95
2023-01-13,U134,81.96
2023-01-13,U91,89.96
2023-01-13,U82,30.45
2023-01-13,U136,58.12
2023-01-13,U54,100.5
2023-01-13,U103,77.93
2023-01-13,U123,60.35
2023-01-13,U90,30.61
2023-01-13,U98,36.99
2023-01-13,U120,49.94
2023-01-13,U132,75.42
2023-01-13,U100,44.94
2023-01-13,U114,29.81
2023-01-13,U23,45.65
2023-01-13,U25,51.7
2023-01-13,U77,41.08
2023-01-13,U141,35.88
2023-09-26,U514,55.73
2024-06-08,U3757,30.17
2024-06-08,U3021,32.07
2024-06-08,U3110,46.13
2024-06-08,U3788,36.94
2024-06-08,U3806,32.0
2024-06-08,U3538,88.36
2024-06-08,U2873,72.26
2024-06-08,U1320,241.01
2024-06-08,U3759,40.36
2024-06-08,U3782,23.27
2024-06-08,U1338,32.32
2024-06-08,U3784,24.16
2024-06-08,U3506,34.12
2024-06-08,U540,58.93
2024-06-08,U3387,39.62
2024-06-08,U2408,90.33
2024-06-08,U3772,24.07
2024-06-08,U1003,56.68
2024-06-08,U1109,43.78
2024-06-08,U528,25.65
2024-06-08,U620,54.96
2024-06-08,U3653,24.4
2024-06-08,U3582,58.59
2024-06-08,U3771,27.6
2024-06-08,U3745,23.37
2023-01-14,U162,53.89
2023-01-14,U164,61.16
2023-01-14,U172,33.95
2023-01-14,U154,36.74
2023-01-14,U187,66.58
2023-01-14,U174,29.77
2023-01-14,U165,48.27
2023-01-14,U176,93.07
2023-01-14,U131,32.28
2023-01-14,U171,66.16
2023-01-14,U109,62.4
2023-01-14,U186,55.89
2023-01-14,U129,32.9
2023-01-14,U167,38.79
2023-01-14,U190,37.98
2023-01-14,U144,46.96
2023-01-14,U158,39.99
2023-01-14,U188,33.09
2023-01-14,U150,34.03
2023-01-14,U181,30.32
2023-01-14,U184,30.3
2023-01-14,U79,47.54
2023-01-14,U163,85.32
2023-01-14,U125,40.02
2023-01-14,U168,88.27
2023-01-14,U151,30.45
2023-01-14,U161,51.86
2023-01-14,U178,57.95
2023-01-14,U170,47.98
2023-01-14,U193,82.94
2023-09-27,U443,55.24
2023-09-27,U471,43.08
2023-09-27,U489,90.92
2023-09-27,U578,30.19
2024-06-09,U3369,30.31
2024-06-09,U1187,23.81
2024-06-09,U3819,45.09
2024-06-09,U553,101.76
2024-06-09,U1319,31.44
2024-06-09,U1378,34.16
2024-06-09,U2515,69.78
2024-06-09,U2182,43.35
2024-06-09,U3589,107.76
2024-06-09,U2671,11.21
2024-06-09,U3681,61.24
2024-06-09,U2565,6.0
2024-06-09,U1814,-15.0
2024-06-09,U3000,-2.5
2024-06-09,U471,42.11
2023-01-15,U219,84.69
2023-01-15,U238,32.28
2023-01-15,U203,115.12
2023-01-15,U231,71.39
2023-01-15,U226,30.29
2023-01-15,U81,43.11
2023-01-15,U199,54.66
2023-01-15,U241,38.48
2023-01-15,U235,79.12
2023-01-15,U227,42.71
2023-01-15,U248,74.81
2023-01-15,U222,110.89
2023-01-15,U250,70.99
2023-01-15,U254,42.82
2023-01-15,U230,100.66
2023-01-15,U220,55.5
2023-01-15,U200,91.37
2023-01-15,U245,56.56
2023-09-28,U588,40.91
2023-09-28,U590,47.94
2023-09-28,U589,47.59
2024-06-10,U3418,18.99
2024-06-10,U2919,152.09
2024-06-10,U3870,32.35
2024-06-10,U765,58.53
2023-01-16,U256,65.65
2023-01-16,U152,74.83
2023-01-16,U255,63.61
2023-01-16,U262,59.1
2023-01-16,U258,82.51
2023-09-29,U587,96.48
2023-09-29,U337,39.84
2024-06-11,U2346,58.07
2024-06-11,U625,98.42
2024-06-11,U372,74.0
2024-06-11,U3890,30.02
2024-06-11,U2164,37.12
2023-01-17,U279,113.44
2023-01-17,U282,62.49
2023-01-17,U280,40.56
2023-01-17,U17,65.02
2023-01-17,U276,53.07
2023-09-30,U242,28.98
2023-09-30,U592,70.57
2023-09-30,U1,124.25
2023-09-30,U344,30.28
2024-06-12,U3896,68.48
2024-06-12,U2667,51.36
2024-06-12,U3596,3.15
2024-06-12,U3910,34.61
2024-06-12,U3302,31.5
2024-06-12,U3543,20.18
2024-06-12,U3931,18.18
2024-06-12,U1249,35.83
2024-06-12,U3917,32.53
2024-06-12,U3459,56.49
2024-06-12,U3086,30.2
2024-06-12,U3936,25.82
2024-06-12,U1394,77.49
2024-06-12,U1919,63.35
2023-01-18,U286,68.87
2023-01-18,U2,58.63
2023-01-18,U287,29.87
2023-01-18,U285,36.07
2023-01-18,U261,82.39
2023-01-18,U293,42.28
2023-01-18,U292,65.15
2023-10-01,U594,39.44
2023-10-01,U540,46.79
2023-10-01,U580,42.97
2024-06-13,U1686,73.97
2024-06-13,U2626,69.01
2024-06-13,U790,51.2
2024-06-13,U891,38.62
2024-06-13,U3950,54.9
2024-06-13,U1109,35.73
2024-06-13,U3788,35.1
2024-06-13,U2446,-4.0
2024-06-13,U2875,-4.0
2024-06-13,U3960,13.67
2024-06-13,U3334,32.3
2024-06-13,U3912,54.44
2024-06-13,U3965,30.27
2024-06-13,U2264,22.16
2024-06-13,U854,64.73
2024-06-13,U1324,55.9
2024-06-13,U3945,40.2
2023-01-19,U300,33.6
2023-01-19,U296,64.13
2023-01-19,U295,70.65
2023-01-19,U298,41.39
2023-01-19,U74,48.36
2023-01-19,U62,45.64
2023-01-19,U301,29.14
2023-01-19,U269,33.37
2023-10-02,U586,31.74
2024-06-14,U2568,38.13
2024-06-14,U743,131.47
2024-06-14,U3481,97.77
2024-06-14,U4008,32.66
2024-06-14,U2921,80.51
2024-06-14,U2634,41.46
2024-06-14,U3961,31.17
2024-06-14,U1194,126.2
2024-06-14,U1331,46.02
2024-06-14,U3323,38.87
2024-06-14,U4007,50.18
2024-06-14,U2236,43.18
2024-06-14,U3661,63.52
2024-06-14,U4005,36.53
2024-06-14,U924,52.08
2024-06-14,U3713,23.36
2024-06-14,U3251,27.84
2024-06-14,U3647,55.1
2024-06-14,U3662,23.89
2024-06-14,U1708,46.0
2024-06-14,U3858,14.01
2024-06-14,U3976,28.1
2024-06-14,U4006,52.55
2024-06-14,U1830,98.73
2024-06-14,U2160,17.51
2024-06-14,U3969,44.27
2023-01-20,U306,56.75
2023-01-20,U308,115.64
2023-01-20,U307,46.3
2023-01-20,U299,55.12
2024-06-15,U3165,46.93
2024-06-15,U3225,48.12
2024-06-15,U2873,69.36
2024-06-15,U1894,40.96
2024-06-15,U4046,2.1
2024-06-15,U4033,13.8
2024-06-15,U774,35.87
2024-06-15,U4051,22.67
2024-06-15,U3801,1.97
2024-06-15,U4054,59.51
2023-01-21,U106,128.97
2023-01-21,U313,37.2
2023-01-21,U69,32.9
2023-01-21,U312,41.75
2023-01-21,U316,33.79
2023-01-21,U51,38.47
2023-01-21,U314,32.32
2023-01-21,U311,30.83
2023-10-04,U372,70.0
2023-10-04,U529,57.87
2023-10-04,U174,42.87
2023-10-04,U590,76.79
2023-10-04,U489,62.08
2023-10-04,U471,71.2
2024-06-16,U2413,11.92
2024-06-16,U4092,21.4
2024-06-16,U1257,-4.0
2024-06-16,U4081,22.25
2024-06-16,U3782,34.0
2024-06-16,U1164,51.28
2024-06-16,U3021,38.02
2024-06-16,U4087,29.67
2024-06-16,U4088,43.14
2024-06-16,U3000,36.06
2024-06-16,U3931,33.17
2024-06-16,U4094,30.52
2024-06-16,U4072,42.62
2024-06-16,U4075,21.1
2023-01-22,U182,74.96
2023-01-22,U324,59.39
2023-10-05,U2,55.44
2023-10-05,U597,30.63
2023-10-05,U69,35.32
2024-06-17,U2432,73.52
2024-06-17,U471,18.08
2024-06-17,U3393,30.19
2023-01-23,U154,29.36
2023-10-06,U552,57.98
2023-10-06,U556,50.19
2024-06-18,U1338,19.1
2024-06-18,U3369,127.45
2024-06-18,U3830,45.04
2024-06-18,U1504,50.31
2024-06-18,U3604,68.95
2024-06-18,U3735,20.63
2024-06-18,U3788,34.92
2024-06-18,U489,67.89
2023-01-24,U329,30.23
2023-01-24,U257,42.86
2023-01-24,U301,35.32
2024-06-19,U244,32.6
2024-06-19,U2548,50.3
2024-06-19,U2667,43.11
2024-06-19,U4144,113.01
2024-06-19,U4137,13.78
2024-06-19,U3083,55.95
2024-06-19,U903,33.07
2024-06-19,U4142,35.16
2024-06-19,U12,43.76
2024-06-19,U687,52.56
2024-06-19,U2653,68.97
2024-06-19,U2346,45.07
2024-06-19,U1257,-4.0
2024-06-19,U1324,35.78
2023-01-25,U282,53.72
2023-01-25,U323,94.17
2023-01-25,U231,50.8
2023-10-08,U517,49.04
2023-10-08,U602,38.04
2023-10-08,U528,31.97
2023-10-08,U592,178.36
2023-10-08,U580,38.8
2023-10-08,U540,46.87
2024-06-20,U4121,78.34
2024-06-20,U1109,37.26
2024-06-20,U3975,1.86
2024-06-20,U3373,4.12
2024-06-20,U798,62.74
2024-06-20,U1163,26.36
2024-06-20,U2159,14.48
2024-06-20,U2446,9.2
2024-06-20,U439,145.47
2024-06-20,U3214,3.27
2024-06-20,U4166,36.1
2024-06-20,U609,5.11
2024-06-20,U1369,6.62
2024-06-20,U2861,44.67
2024-06-20,U4164,71.77
2024-06-20,U3333,2.69
2024-06-20,U2939,38.72
2024-06-20,U592,31.37
2023-01-26,U333,63.73
2023-01-26,U309,57.09
2023-01-26,U332,31.48
2023-01-26,U184,36.83
2023-01-26,U109,47.35
2023-01-26,U254,76.18
2023-01-26,U54,105.85
2023-01-26,U26,55.04
2024-06-21,U1257,-8.0
2024-06-21,U540,58.62
2024-06-21,U4171,33.67
2024-06-21,U3810,71.04
2024-06-21,U3010,21.4
2024-06-21,U790,108.59
2024-06-21,U1661,69.27
2024-06-21,U3806,23.65
2024-06-21,U2171,6.42
2024-06-21,U3554,32.49
2024-06-21,U4191,49.03
2023-01-27,U336,45.62
2023-01-27,U50,57.17
2023-01-27,U239,56.83
2023-01-27,U310,80.31
2024-06-22,U774,31.78
2024-06-22,U3021,53.78
2024-06-22,U4204,63.57
2024-06-22,U3819,55.63
2024-06-22,U4102,6.84
2024-06-22,U3225,35.52
2024-06-22,U4147,73.38
2024-06-22,U2568,34.88
2024-06-22,U4184,42.83
2024-06-22,U2962,38.73
2024-06-22,U3543,31.58
2024-06-22,U2873,60.8
2024-06-22,U4197,41.57
2024-06-22,U1867,122.8
2023-01-28,U282,56.38
2023-10-11,U489,95.23
2023-10-11,U556,35.42
2024-06-23,U4007,38.08
2024-06-23,U528,34.75
2024-06-23,U3789,7.0
2024-06-23,U3000,37.08
2024-06-23,U1221,63.54
2024-06-23,U854,61.12
2024-06-23,U845,32.01
2024-06-23,U3985,34.6
2024-06-23,U2346,31.54
2024-06-23,U2597,54.07
2024-06-23,U552,77.2
2024-06-23,U4165,43.01
2024-06-23,U4226,30.51
2024-06-23,U1319,41.54
2024-06-23,U664,15.61
2024-06-23,U3582,63.24
2023-01-29,U343,71.95
2023-01-29,U352,37.33
2023-01-29,U349,30.75
2023-01-29,U353,33.0
2023-01-29,U316,29.65
2023-01-29,U344,29.56
2023-01-29,U348,48.8
2023-01-29,U341,40.82
2023-01-29,U351,30.54
2023-01-29,U338,49.83
2024-06-24,U2603,32.87
2024-06-24,U4237,21.4
2024-06-24,U4031,25.97
2024-06-24,U3910,36.52
2024-06-24,U2218,33.88
2024-06-24,U3051,31.29
2023-01-30,U182,88.28
2023-01-30,U334,30.71
2023-01-30,U354,33.96
2023-01-30,U356,31.41
2023-01-30,U357,44.06
2023-01-30,U337,36.28
2023-10-13,U394,30.01
2023-10-13,U131,31.64
2023-10-13,U372,49.57
2023-10-13,U513,56.52
2024-06-25,U3842,12.32
2024-06-25,U4286,24.83
2024-06-25,U4274,30.41
2024-06-25,U372,81.24
2024-06-25,U4282,32.54
2024-06-25,U2615,30.38
2024-06-25,U625,52.87
2024-06-25,U2548,31.45
2024-06-25,U3788,42.28
2023-01-31,U329,30.63
2023-01-31,U152,54.93
2023-01-31,U359,120.0
2023-01-31,U358,32.35
2024-06-26,U4305,31.69
2024-06-26,U358,23.75
2024-06-26,U3083,62.3
2024-06-26,U2667,55.65
2024-06-26,U1735,23.02
2024-06-26,U4316,30.87
2024-06-26,U903,37.18
2024-06-26,U2236,26.54
2024-06-26,U4135,40.56
2024-06-26,U864,27.09
2024-06-26,U4304,35.15
2024-06-26,U2164,43.36
2024-06-26,U309,31.17
2024-06-26,U174,47.64
2024-06-26,U788,125.54
2024-06-26,U3107,67.76
2024-06-26,U4322,78.59
2023-02-01,U365,30.21
2023-02-01,U360,67.83
2023-02-01,U323,37.94
2023-02-01,U363,37.91
2023-02-01,U7,46.03
2023-10-15,U590,73.36
2023-10-15,U378,30.59
2023-10-15,U607,27.63
2023-10-15,U606,44.44
2024-06-27,U4344,59.14
2024-06-27,U609,11.31
2024-06-27,U3302,40.55
2024-06-27,U3459,40.56
2024-06-27,U3782,33.27
2024-06-27,U3334,59.39
2024-06-27,U1032,43.92
2024-06-27,U2482,53.05
2024-06-27,U3771,26.75
2024-06-27,U2502,39.89
2024-06-27,U3625,38.3
2024-06-27,U3479,17.62
2024-06-27,U3113,5.21
2024-06-27,U2967,43.63
2024-06-27,U4033,24.65
2024-06-27,U14,133.82
2024-06-27,U1257,-4.0
2023-02-02,U366,41.11
2023-02-02,U223,30.57
2023-02-02,U367,30.9
2023-02-02,U1,110.55
2023-02-02,U369,87.29
2023-02-02,U368,88.82
2023-02-02,U174,31.47
2024-06-28,U2626,40.72
2024-06-28,U1939,3.88
2024-06-28,U620,53.22
2024-06-28,U868,85.97
2024-06-28,U3819,31.44
2024-06-28,U4361,45.06
2023-02-03,U161,56.53
2023-02-03,U300,37.26
2023-02-03,U371,55.17
2023-02-03,U373,175.87
2024-06-29,U4029,30.09
2024-06-29,U3369,33.03
2024-06-29,U529,77.02
2024-06-29,U774,48.79
2024-06-29,U4390,38.46
2024-06-29,U3745,58.25
2024-06-29,U2671,6.55
2024-06-29,U6,38.5
2024-06-29,U545,23.9
2024-06-29,U540,57.64
2024-06-29,U1844,28.19
2024-06-29,U2873,89.15
2024-06-29,U2264,25.3
2024-06-29,U3968,30.85
2024-06-29,U3441,42.97
2024-06-29,U4196,24.04
2024-06-29,U3452,52.74
2023-02-04,U176,106.79
2023-02-04,U381,56.28
2023-02-04,U379,34.07
2023-02-04,U380,61.34
2023-02-04,U255,52.47
2023-02-04,U40,62.42
2023-02-04,U377,35.34
2023-02-04,U133,68.72
2023-10-18,U394,48.07
2023-10-18,U489,76.16
2023-10-18,U443,40.58
2023-10-18,U610,46.52
2024-06-30,U1221,70.55
2024-06-30,U4322,94.19
2024-06-30,U3458,0.6
2024-06-30,U3969,45.81
2024-06-30,U3813,76.77
2024-06-30,U3000,-2.5
2024-06-30,U798,29.68
2024-06-30,U4332,24.21
2024-06-30,U3003,42.5
2024-06-30,U2472,71.7
2024-06-30,U471,58.92
2024-06-30,U4073,3.0
2024-06-30,U3513,26.45
2024-06-30,U2350,32.68
2024-06-30,U2211,30.68
2023-02-05,U282,54.54
2023-02-05,U389,136.99
2023-02-05,U383,34.01
2023-02-05,U387,37.63
2023-02-05,U382,100.52
2023-02-05,U109,38.23
2023-02-05,U344,45.14
2023-02-05,U21,39.33
2023-02-05,U384,130.67
2023-02-05,U388,28.45
2023-02-05,U385,39.05
2023-10-19,U612,30.17
2023-10-19,U611,48.92
2023-10-19,U6,42.17
2023-10-19,U587,49.62
2024-07-01,U4031,34.81
2024-07-01,U3506,44.74
2024-07-01,U4432,20.61
2024-07-01,U4171,24.82
2024-07-01,U3521,32.83
2024-07-01,U3403,57.46
2024-07-01,U3811,7.0
2024-07-01,U2919,173.46
2024-07-01,U664,37.29
2023-02-06,U231,69.27
2023-02-06,U74,47.23
2023-02-06,U390,32.0
2023-02-06,U391,44.62
2023-02-06,U343,29.19
2023-10-20,U552,66.42
2023-10-20,U540,47.54
2023-10-20,U1,89.13
2023-10-20,U493,30.36
2024-07-02,U3245,34.86
2024-07-02,U467,49.47
2024-07-02,U4441,26.12
2024-07-02,U1536,35.15
2024-07-02,U4439,35.48
2024-07-02,U3954,7.0
2024-07-02,U4443,20.11
2024-07-02,U4447,31.1
2023-02-07,U12,48.22
2023-02-07,U69,29.13
2023-02-07,U393,41.02
2023-02-07,U131,34.51
2023-02-07,U392,114.51
2023-10-21,U439,113.16
2023-10-21,U59,54.05
2024-07-03,U2548,31.01
2024-07-03,U3653,66.26
2024-07-03,U4458,26.88
2024-07-03,U4454,46.55
2024-07-03,U2667,57.43
2024-07-03,U626,27.93
2024-07-03,U4350,31.97
2024-07-03,U2346,81.38
2024-07-03,U903,32.22
2024-07-03,U443,74.8
2024-07-03,U3759,41.37
2024-07-03,U3806,34.24
2024-07-03,U567,61.44
2024-07-03,U4445,31.03
2024-07-03,U4461,38.39
2023-02-08,U219,64.33
2023-02-08,U394,31.03
2023-02-08,U395,162.27
2023-02-08,U362,94.66
2023-02-08,U323,34.99
2023-10-22,U377,46.77
2023-10-22,U580,36.05
2024-07-04,U4464,21.71
2024-07-04,U4115,38.98
2024-07-04,U3648,105.29
2024-07-04,U1257,-8.0
2024-07-04,U4472,23.4
2024-07-04,U1919,83.74
2024-07-04,U3680,23.4
2024-07-04,U2432,54.07
2024-07-04,U3336,131.08
2024-07-04,U3910,37.47
2024-07-04,U3625,44.66
2024-07-04,U4141,24.82
2024-07-04,U4401,19.74
2023-02-09,U401,75.28
2023-02-09,U397,68.42
2023-02-09,U399,31.07
2023-02-09,U28,29.41
2023-02-09,U81,57.58
2023-02-09,U337,43.46
2023-02-09,U11,31.53
2023-02-09,U367,30.27
2023-02-09,U154,31.4
2023-02-09,U396,64.23
2023-02-09,U398,45.34
2023-02-09,U17,85.81
2023-02-09,U296,33.3
2024-07-05,U176,86.52
2024-07-05,U528,25.15
2024-07-05,U4397,118.38
2024-07-05,U790,83.68
2024-07-05,U4231,30.34
2024-07-05,U4072,43.24
2024-07-05,U4147,55.65
2024-07-05,U529,47.07
2024-07-05,U2873,63.3
2024-07-05,U4483,20.23
2024-07-05,U4020,24.43
2024-07-05,U3334,41.52
2024-07-05,U4470,33.61
2024-07-05,U4432,20.42
2024-07-05,U1867,46.37
2023-02-10,U254,71.62
2023-02-10,U6,35.96
2023-02-10,U295,88.51
2023-02-10,U304,37.42
2023-02-10,U404,52.8
2023-02-10,U282,54.1
2023-02-10,U405,35.69
2023-02-10,U245,61.5
2023-02-10,U66,31.17
2023-02-10,U285,41.85
2024-07-06,U4332,27.74
2024-07-06,U4274,42.66
2024-07-06,U4448,16.9
2024-07-06,U4471,12.19
2024-07-06,U2446,-4.0
2024-07-06,U2568,33.72
2024-07-06,U3782,38.44
2024-07-06,U1257,-8.0
2024-07-06,U471,84.46
2024-07-06,U1194,109.45
2024-07-06,U4121,24.13
2024-07-06,U3582,57.31
2024-07-06,U1221,64.77
2024-07-06,U4484,30.05
2023-02-11,U333,49.14
2023-02-11,U406,42.6
2023-02-11,U239,33.66
2023-10-25,U590,64.32
2023-10-25,U489,67.17
2023-10-25,U620,50.05
2024-07-07,U931,40.72
2024-07-07,U2238,31.26
2024-07-07,U552,91.58
2024-07-07,U540,65.51
2024-07-07,U4073,40.06
2024-07-07,U4286,23.08
2024-07-07,U3813,7.0
2024-07-07,U3811,37.81
2023-02-12,U410,35.0
2023-02-12,U282,61.91
2023-02-12,U11,32.87
2023-02-12,U25,53.2
2023-02-12,U1,37.92
2023-02-12,U384,80.25
2023-10-26,U607,34.91
2023-10-26,U621,39.9
2023-10-26,U174,30.39
2023-10-26,U421,41.35
2024-07-08,U3954,-2.5
2024-07-08,U1002,57.37
2023-02-13,U329,33.93
2023-10-27,U622,28.0
2024-07-09,U2548,41.34
2024-07-09,U3604,65.68
2024-07-09,U1163,30.45
2024-07-09,U3788,43.04
2024-07-09,U4512,41.74
2023-02-14,U388,32.47
2023-02-14,U414,50.51
2023-02-14,U69,32.3
2023-02-14,U171,72.98
2023-10-28,U584,52.37
2023-10-28,U529,168.58
2023-10-28,U296,101.12
2023-10-28,U528,51.06
2024-07-10,U2181,70.85
2024-07-10,U227,34.48
2024-07-10,U625,77.05
2024-07-10,U903,30.38
2024-07-10,U4517,22.15
2024-07-10,U3903,75.27
2024-07-10,U1018,41.33
2024-07-10,U1518,37.54
2024-07-10,U2434,31.32
2024-07-10,U3575,55.98
2023-02-15,U282,48.87
2023-02-15,U417,31.2
2023-02-15,U362,123.96
2023-02-15,U309,48.64
2023-02-15,U360,77.96
2023-02-15,U323,53.29
2023-10-29,U337,38.22
2023-10-29,U625,134.57
2023-10-29,U553,58.38
2023-10-29,U580,33.87
2024-07-11,U3782,32.39
2024-07-11,U1262,7.85
2024-07-11,U4448,21.4
2024-07-11,U2667,59.73
2024-07-11,U3334,52.65
2024-07-11,U3950,49.47
2024-07-11,U1319,35.32
2024-07-11,U4435,43.2
2024-07-11,U545,26.11
2024-07-11,U2490,48.73
2024-07-11,U2264,24.06
2024-07-11,U1109,47.07
2024-07-11,U796,40.76
2023-02-16,U405,41.13
2023-02-16,U362,73.35
2023-02-16,U418,54.97
2024-07-12,U3759,38.73
2024-07-12,U4166,36.39
2024-07-12,U4514,60.92
2024-07-12,U2615,42.04
2024-07-12,U4390,34.8
2024-07-12,U924,72.4
2024-07-12,U4521,31.2
2024-07-12,U3761,122.74
2024-07-12,U4359,60.76
2024-07-12,U2348,37.6
2024-07-12,U3817,7.0
2024-07-12,U1221,54.2
2024-07-12,U372,64.8
2024-07-12,U957,63.01
2024-07-12,U4087,25.2
2024-07-12,U2690,4.14
2024-07-12,U4484,23.22
2023-02-17,U26,91.96
2023-02-17,U423,71.42
2023-02-17,U428,66.38
2023-02-17,U169,36.42
2023-02-17,U392,83.45
2023-02-17,U424,40.16
2023-02-17,U430,40.33
2023-02-17,U245,51.81
2023-02-17,U254,75.0
2023-02-17,U227,34.18
2023-02-17,U429,45.29
2023-10-31,U54,164.35
2024-07-13,U1257,-4.0
2024-07-13,U2148,88.65
2024-07-13,U3814,7.0
2024-07-13,U3756,7.0
2024-07-13,U4332,32.08
2024-07-13,U2939,40.14
2024-07-13,U471,34.03
2024-07-13,U3666,15.56
2024-07-13,U4231,40.36
2023-02-18,U432,46.06
2023-02-18,U62,51.42
2023-02-18,U435,29.2
2023-02-18,U2,68.76
2023-02-18,U433,52.85
2023-11-01,U489,87.83
2024-07-14,U1841,39.73
2024-07-14,U1329,21.96
2024-07-14,U2962,35.01
2024-07-14,U4130,24.86
2024-07-14,U540,41.34
2024-07-14,U3000,-2.5
2024-07-14,U2432,56.49
2023-02-19,U312,35.94
2023-02-19,U378,36.28
2023-02-19,U388,32.88
2023-02-19,U441,30.27
2023-02-19,U440,47.99
2023-02-19,U439,141.64
2023-02-19,U316,28.13
2023-02-19,U438,45.49
2023-11-02,U630,53.85
2023-11-02,U627,43.43
2023-11-02,U309,30.49
2023-11-02,U556,54.29
2023-11-02,U608,62.09
2023-11-02,U552,100.76
2024-07-15,U4322,107.64
2024-07-15,U3336,158.68
2023-02-20,U399,34.03
2023-11-03,U432,62.08
2023-11-03,U634,30.58
2023-11-03,U632,31.76
2023-11-03,U633,98.72
2023-11-03,U590,51.75
2024-07-16,U3723,64.95
2024-07-16,U545,35.2
2023-02-21,U296,42.39
2023-02-21,U154,31.73
2023-02-21,U50,48.67
2023-11-04,U471,43.34
2023-11-04,U540,31.24
2023-11-04,U587,48.26
2023-11-04,U514,49.95
2024-07-17,U3334,50.46
2024-07-17,U2164,30.49
2024-07-17,U2667,43.2
2024-07-17,U2273,48.8
2024-07-17,U2181,44.7
2023-02-22,U372,75.84
2023-02-22,U421,55.34
2023-02-22,U329,32.46
2023-02-22,U323,32.98
2023-02-22,U1,61.32
2023-02-22,U444,37.49
2023-02-22,U443,90.96
2023-02-22,U362,138.89
2023-11-05,U580,30.48
2023-11-05,U394,26.85
2023-11-05,U639,56.13
2024-07-18,U3369,39.78
2024-07-18,U3582,69.79
2024-07-18,U4548,22.29
2024-07-18,U4454,37.27
2024-07-18,U3245,20.98
2024-07-18,U1262,11.37
2024-07-18,U3521,34.74
2024-07-18,U4171,38.66
2024-07-18,U2603,0.62
2023-02-23,U287,32.64
2023-02-23,U190,32.72
2023-02-23,U405,44.89
2023-02-23,U377,29.05
2023-02-23,U403,122.33
2023-02-23,U282,57.42
2023-02-23,U23,67.44
2024-07-19,U774,62.21
2024-07-19,U1221,91.84
2024-07-19,U4550,85.19
2023-02-24,U367,28.57
2023-02-24,U152,67.52
2023-02-24,U384,86.44
2023-11-07,U641,30.26
2024-07-20,U3806,52.29
2024-07-20,U4470,31.53
2024-07-20,U3985,56.39
2024-07-20,U3225,63.15
2024-07-20,U4555,51.39
2024-07-20,U2615,30.59
2024-07-20,U3554,37.23
2024-07-20,U3788,37.87
2024-07-20,U4557,35.94
2023-02-25,U17,61.56
2023-02-25,U69,34.03
2023-02-25,U449,64.93
2023-11-08,U443,56.92
2023-11-08,U643,37.05
2024-07-21,U1940,87.47
2024-07-21,U4147,31.46
2024-07-21,U891,31.47
2024-07-21,U2909,14.76
2024-07-21,U1194,102.43
2024-07-21,U4560,40.27
2024-07-21,U796,30.3
2024-07-21,U3000,26.28
2023-02-26,U344,54.46
2023-11-09,U396,98.75
2023-11-09,U609,34.36
2024-07-22,U2914,14.81
2024-07-22,U3983,0.53
2024-07-22,U3577,52.91
2023-02-27,U231,49.49
2023-02-27,U296,36.17
2023-11-10,U590,59.96
2023-11-10,U597,32.8
2023-11-10,U471,98.43
2024-07-23,U4445,31.74
2023-02-28,U254,75.78
2024-07-24,U2667,47.4
2023-03-01,U453,29.02
2023-03-01,U304,45.58
2023-03-01,U309,32.41
2023-03-01,U323,40.83
2023-03-01,U362,43.6
2023-03-01,U171,87.72
2023-03-01,U174,34.31
2023-03-01,U435,33.26
2023-11-12,U372,55.52
2023-11-12,U647,64.35
2023-11-12,U449,55.32
2023-11-12,U612,30.43
2023-11-12,U500,40.85
2023-11-12,U405,32.63
2024-07-25,U3596,10.62
2024-07-25,U2346,102.27
2024-07-25,U4484,34.32
2024-07-25,U4492,8.01
2024-07-25,U854,38.1
2024-07-25,U3575,37.14
2024-07-25,U4565,23.84
2024-07-25,U4464,24.47
2023-03-02,U282,59.09
2023-03-02,U457,33.45
2023-03-02,U454,67.11
2023-03-02,U336,37.43
2023-03-02,U223,30.94
2023-03-02,U455,30.47
2023-03-02,U6,33.62
2023-03-02,U403,126.82
2023-03-02,U295,42.93
2023-03-02,U452,49.98
2023-11-13,U540,41.25
2024-07-26,U3536,7.0
2024-07-26,U4344,44.77
2024-07-26,U3219,13.25
2024-07-26,U4226,24.15
2024-07-26,U2548,30.87
2024-07-26,U3334,49.11
2024-07-26,U2164,39.71
2024-07-26,U1221,61.12
2024-03-11,U1262,-6.0
2024-03-21,U1257,-6.0
2024-03-28,U1257,-6.0
2024-04-07,U1262,-6.0
2024-04-08,U1262,-6.0
2024-04-11,U1262,-6.0
2024-04-22,U1257,-6.0
2024-04-28,U1257,-6.0
2024-04-29,U1257,-6.0
2024-05-06,U1262,-6.0
2024-05-19,U2565,-6.0
2024-05-22,U1262,-6.0
2024-05-25,U2875,-6.0
2024-06-10,U1262,-6.0
2024-06-10,U3215,-6.0
2024-06-10,U1257,-6.0
2024-06-23,U3215,-6.0
2024-06-27,U1262,-6.0
2024-06-29,U2446,-6.0
2024-07-01,U3215,-6.0
2024-08-01,U2343,10.0
2024-04-18,U1621,10.0
2024-04-23,U1939,10.0
2024-04-28,U1378,10.0
2024-05-03,U1518,10.0
2024-05-04,U1525,10.0
2024-05-10,U1480,10.0
2024-05-11,U1735,10.0
2024-05-14,U2236,10.0
2024-05-15,U2113,10.0
2024-05-15,U2149,10.0
2024-05-18,U2193,10.0
2024-05-19,U1491,10.0
2024-05-28,U2959,10.0
2024-05-30,U1997,10.0
2024-05-31,U2007,10.0
2024-06-06,U2720,10.0
2024-06-07,U2171,10.0
2024-06-07,U1932,10.0
2024-06-12,U3479,10.0
2024-06-13,U2166,10.0
2024-06-27,U1381,10.0
2024-06-29,U2065,10.0
2024-07-04,U2176,10.0
2024-07-05,U3233,10.0
2024-07-08,U3258,10.0
2024-07-13,U3786,10.0
2024-07-20,U3347,10.0
